CREATE DATABASE  IF NOT EXISTS `beauty` /*!40100 DEFAULT CHARACTER SET utf8 */;
USE `beauty`;
-- MySQL dump 10.13  Distrib 5.7.12, for Win64 (x86_64)
--
-- Host: localhost    Database: beauty
-- ------------------------------------------------------
-- Server version	5.7.17-log

/*!40101 SET @OLD_CHARACTER_SET_CLIENT=@@CHARACTER_SET_CLIENT */;
/*!40101 SET @OLD_CHARACTER_SET_RESULTS=@@CHARACTER_SET_RESULTS */;
/*!40101 SET @OLD_COLLATION_CONNECTION=@@COLLATION_CONNECTION */;
/*!40101 SET NAMES utf8 */;
/*!40103 SET @OLD_TIME_ZONE=@@TIME_ZONE */;
/*!40103 SET TIME_ZONE='+00:00' */;
/*!40014 SET @OLD_UNIQUE_CHECKS=@@UNIQUE_CHECKS, UNIQUE_CHECKS=0 */;
/*!40014 SET @OLD_FOREIGN_KEY_CHECKS=@@FOREIGN_KEY_CHECKS, FOREIGN_KEY_CHECKS=0 */;
/*!40101 SET @OLD_SQL_MODE=@@SQL_MODE, SQL_MODE='NO_AUTO_VALUE_ON_ZERO' */;
/*!40111 SET @OLD_SQL_NOTES=@@SQL_NOTES, SQL_NOTES=0 */;

--
-- Table structure for table `beauty_address`
--

DROP TABLE IF EXISTS `beauty_address`;
/*!40101 SET @saved_cs_client     = @@character_set_client */;
/*!40101 SET character_set_client = utf8 */;
CREATE TABLE `beauty_address` (
  `ad_id` int(11) NOT NULL AUTO_INCREMENT,
  `Phone` varchar(11) NOT NULL,
  `Address` varchar(200) NOT NULL,
  `Province` int(11) DEFAULT NULL,
  `City` int(11) DEFAULT NULL,
  `Area` int(11) DEFAULT NULL,
  `Sort` int(11) NOT NULL,
  `Isdefault` int(11) NOT NULL,
  `Createtime` int(11) NOT NULL,
  PRIMARY KEY (`ad_id`)
) ENGINE=InnoDB DEFAULT CHARSET=utf8;
/*!40101 SET character_set_client = @saved_cs_client */;

--
-- Dumping data for table `beauty_address`
--

LOCK TABLES `beauty_address` WRITE;
/*!40000 ALTER TABLE `beauty_address` DISABLE KEYS */;
/*!40000 ALTER TABLE `beauty_address` ENABLE KEYS */;
UNLOCK TABLES;

--
-- Table structure for table `beauty_product`
--

DROP TABLE IF EXISTS `beauty_product`;
/*!40101 SET @saved_cs_client     = @@character_set_client */;
/*!40101 SET character_set_client = utf8 */;
CREATE TABLE `beauty_product` (
  `pr_id` int(11) NOT NULL AUTO_INCREMENT,
  `title` varchar(200) NOT NULL,
  `subtitle` varchar(500) DEFAULT NULL,
  `details` varchar(1024) DEFAULT NULL,
  `y_price` decimal(10,0) NOT NULL,
  `d_price` decimal(10,0) NOT NULL,
  `priciew` int(11) DEFAULT NULL,
  `c_type` int(11) NOT NULL,
  `is_jp` int(2) NOT NULL DEFAULT '0' COMMENT '0不是精品 1是精品',
  `is_tj` int(2) NOT NULL DEFAULT '0' COMMENT '0不推荐 1推荐',
  `imgurl` varchar(255) DEFAULT NULL,
  PRIMARY KEY (`pr_id`),
  KEY `c_type` (`c_type`),
  CONSTRAINT `beauty_product_ibfk_1` FOREIGN KEY (`c_type`) REFERENCES `beauty_product_class` (`cid`)
) ENGINE=InnoDB AUTO_INCREMENT=343 DEFAULT CHARSET=utf8;
/*!40101 SET character_set_client = @saved_cs_client */;

--
-- Dumping data for table `beauty_product`
--

LOCK TABLES `beauty_product` WRITE;
/*!40000 ALTER TABLE `beauty_product` DISABLE KEYS */;
INSERT INTO `beauty_product` VALUES (1,'【花艺】七头美丽玫瑰仿真花束','【花艺】七头美丽玫瑰仿真花束','【花艺】七头美丽玫瑰仿真花束【花艺】七头美丽玫瑰仿真花束【花艺】七头美丽玫瑰仿真花束【花艺】七头美丽玫瑰仿真花束【花艺】七头美丽玫瑰仿真花束【花艺】七头美丽玫瑰仿真花束',192,192,78,1,0,0,'/img/product/1.jpg'),(2,'【花艺】七头美丽玫瑰仿真花束','【花艺】七头美丽玫瑰仿真花束','【花艺】七头美丽玫瑰仿真花束【花艺】七头美丽玫瑰仿真花束',157,157,101,1,0,1,'/img/product/2.jpg'),(3,'【花艺】七头美丽玫瑰仿真花束','【花艺】七头美丽玫瑰仿真花束','【花艺】七头美丽玫瑰仿真花束',199,199,1,1,0,1,'/img/product/3.jpg'),(4,'【花艺】七头美丽玫瑰仿真花束','【花艺】七头美丽玫瑰仿真花束','【花艺】七头美丽玫瑰仿真花束',128,128,1,1,0,0,'/img/product/4.jpg'),(5,'【花艺】七头美丽玫瑰仿真花束','【花艺】七头美丽玫瑰仿真花束','【花艺】七头美丽玫瑰仿真花束',51,51,1,1,0,1,'/img/product/5.jpg'),(6,'【花艺】七头美丽玫瑰仿真花束','【花艺】七头美丽玫瑰仿真花束','【花艺】七头美丽玫瑰仿真花束',117,117,1,1,0,0,'/img/product/6.jpg'),(7,'【花艺】七头美丽玫瑰仿真花束','【花艺】七头美丽玫瑰仿真花束','【花艺】七头美丽玫瑰仿真花束【花艺】七头美丽玫瑰仿真花束',122,122,101,1,0,0,'/img/product/3.jpg'),(8,'【花艺】七头美丽玫瑰仿真花束','【花艺】七头美丽玫瑰仿真花束','【花艺】七头美丽玫瑰仿真花束【花艺】七头美丽玫瑰仿真花束',64,64,101,1,0,0,'/img/product/7.jpg'),(9,'【花艺】七头美丽玫瑰仿真花束','【花艺】七头美丽玫瑰仿真花束','【花艺】七头美丽玫瑰仿真花束【花艺】七头美丽玫瑰仿真花束',117,117,101,1,0,0,'/img/product/7.jpg'),(10,'【花艺】七头美丽玫瑰仿真花束','【花艺】七头美丽玫瑰仿真花束','【花艺】七头美丽玫瑰仿真花束【花艺】七头美丽玫瑰仿真花束',160,160,101,1,0,0,'/img/product/7.jpg'),(11,'【花艺】七头美丽玫瑰仿真花束','【花艺】七头美丽玫瑰仿真花束','【花艺】七头美丽玫瑰仿真花束【花艺】七头美丽玫瑰仿真花束',189,189,101,1,0,0,'/img/product/7.jpg'),(12,'【花艺】七头美丽玫瑰仿真花束','【花艺】七头美丽玫瑰仿真花束','【花艺】七头美丽玫瑰仿真花束【花艺】七头美丽玫瑰仿真花束',51,51,101,1,0,0,'/img/product/7.jpg'),(13,'【花艺】七头美丽玫瑰仿真花束','【花艺】七头美丽玫瑰仿真花束','【花艺】七头美丽玫瑰仿真花束【花艺】七头美丽玫瑰仿真花束',166,166,101,1,0,0,'/img/product/7.jpg'),(14,'【花艺】七头美丽玫瑰仿真花束','【花艺】七头美丽玫瑰仿真花束','【花艺】七头美丽玫瑰仿真花束【花艺】七头美丽玫瑰仿真花束',148,148,101,1,0,0,'/img/product/7.jpg'),(15,'【花艺】七头美丽玫瑰仿真花束','【花艺】七头美丽玫瑰仿真花束','【花艺】七头美丽玫瑰仿真花束【花艺】七头美丽玫瑰仿真花束',119,119,101,1,0,0,'/img/product/7.jpg'),(16,'【花艺】七头美丽玫瑰仿真花束','【花艺】七头美丽玫瑰仿真花束','【花艺】七头美丽玫瑰仿真花束【花艺】七头美丽玫瑰仿真花束',189,189,101,1,0,1,'/img/product/7.jpg'),(17,'【花艺】七头美丽玫瑰仿真花束','【花艺】七头美丽玫瑰仿真花束','【花艺】七头美丽玫瑰仿真花束【花艺】七头美丽玫瑰仿真花束',120,120,101,1,0,0,'/img/product/7.jpg'),(18,'【花艺】七头美丽玫瑰仿真花束','【花艺】七头美丽玫瑰仿真花束','【花艺】七头美丽玫瑰仿真花束【花艺】七头美丽玫瑰仿真花束',133,133,101,1,0,0,'/img/product/7.jpg'),(19,'【花艺】七头美丽玫瑰仿真花束','【花艺】七头美丽玫瑰仿真花束','【花艺】七头美丽玫瑰仿真花束【花艺】七头美丽玫瑰仿真花束',98,98,101,1,0,0,'/img/product/7.jpg'),(20,'【花艺】七头美丽玫瑰仿真花束','【花艺】七头美丽玫瑰仿真花束','【花艺】七头美丽玫瑰仿真花束【花艺】七头美丽玫瑰仿真花束',74,74,101,2,0,0,'/img/product/7.jpg'),(21,'【花艺】七头美丽玫瑰仿真花束','【花艺】七头美丽玫瑰仿真花束','【花艺】七头美丽玫瑰仿真花束【花艺】七头美丽玫瑰仿真花束',80,80,101,2,0,0,'/img/product/7.jpg'),(22,'【花艺】七头美丽玫瑰仿真花束','【花艺】七头美丽玫瑰仿真花束','【花艺】七头美丽玫瑰仿真花束【花艺】七头美丽玫瑰仿真花束',111,111,101,2,0,0,'/img/product/7.jpg'),(23,'【花艺】七头美丽玫瑰仿真花束','【花艺】七头美丽玫瑰仿真花束','【花艺】七头美丽玫瑰仿真花束【花艺】七头美丽玫瑰仿真花束',191,191,101,2,0,0,'/img/product/7.jpg'),(24,'【花艺】七头美丽玫瑰仿真花束','【花艺】七头美丽玫瑰仿真花束','【花艺】七头美丽玫瑰仿真花束【花艺】七头美丽玫瑰仿真花束',78,78,101,2,0,0,'/img/product/7.jpg'),(25,'【花艺】七头美丽玫瑰仿真花束','【花艺】七头美丽玫瑰仿真花束','【花艺】七头美丽玫瑰仿真花束【花艺】七头美丽玫瑰仿真花束',67,67,101,2,0,0,'/img/product/7.jpg'),(26,'【花艺】七头美丽玫瑰仿真花束','【花艺】七头美丽玫瑰仿真花束','【花艺】七头美丽玫瑰仿真花束【花艺】七头美丽玫瑰仿真花束',119,119,101,2,0,0,'/img/product/7.jpg'),(27,'【花艺】七头美丽玫瑰仿真花束','【花艺】七头美丽玫瑰仿真花束','【花艺】七头美丽玫瑰仿真花束【花艺】七头美丽玫瑰仿真花束',164,164,101,2,0,0,'/img/product/7.jpg'),(28,'【花艺】七头美丽玫瑰仿真花束','【花艺】七头美丽玫瑰仿真花束','【花艺】七头美丽玫瑰仿真花束【花艺】七头美丽玫瑰仿真花束',96,96,101,2,0,0,'/img/product/7.jpg'),(29,'【花艺】七头美丽玫瑰仿真花束','【花艺】七头美丽玫瑰仿真花束','【花艺】七头美丽玫瑰仿真花束【花艺】七头美丽玫瑰仿真花束',58,58,101,2,0,0,'/img/product/7.jpg'),(30,'【花艺】七头美丽玫瑰仿真花束','【花艺】七头美丽玫瑰仿真花束','【花艺】七头美丽玫瑰仿真花束【花艺】七头美丽玫瑰仿真花束',98,98,101,2,0,0,'/img/product/7.jpg'),(31,'【花艺】七头美丽玫瑰仿真花束','【花艺】七头美丽玫瑰仿真花束','【花艺】七头美丽玫瑰仿真花束【花艺】七头美丽玫瑰仿真花束',144,144,101,2,0,0,'/img/product/7.jpg'),(32,'【花艺】七头美丽玫瑰仿真花束','【花艺】七头美丽玫瑰仿真花束','【花艺】七头美丽玫瑰仿真花束【花艺】七头美丽玫瑰仿真花束',61,61,101,2,0,0,'/img/product/7.jpg'),(33,'【花艺】七头美丽玫瑰仿真花束','【花艺】七头美丽玫瑰仿真花束','【花艺】七头美丽玫瑰仿真花束【花艺】七头美丽玫瑰仿真花束',165,165,101,2,0,0,'/img/product/7.jpg'),(34,'【花艺】七头美丽玫瑰仿真花束','【花艺】七头美丽玫瑰仿真花束','【花艺】七头美丽玫瑰仿真花束【花艺】七头美丽玫瑰仿真花束',192,192,101,2,0,0,'/img/product/7.jpg'),(35,'【花艺】七头美丽玫瑰仿真花束','【花艺】七头美丽玫瑰仿真花束','【花艺】七头美丽玫瑰仿真花束【花艺】七头美丽玫瑰仿真花束',71,71,101,2,0,0,'/img/product/7.jpg'),(36,'【花艺】七头美丽玫瑰仿真花束','【花艺】七头美丽玫瑰仿真花束','【花艺】七头美丽玫瑰仿真花束【花艺】七头美丽玫瑰仿真花束',81,81,101,2,0,0,'/img/product/7.jpg'),(37,'【花艺】七头美丽玫瑰仿真花束','【花艺】七头美丽玫瑰仿真花束','【花艺】七头美丽玫瑰仿真花束【花艺】七头美丽玫瑰仿真花束',147,147,101,2,0,0,'/img/product/7.jpg'),(38,'【花艺】七头美丽玫瑰仿真花束','【花艺】七头美丽玫瑰仿真花束','【花艺】七头美丽玫瑰仿真花束【花艺】七头美丽玫瑰仿真花束',111,111,101,2,0,0,'/img/product/7.jpg'),(39,'【花艺】七头美丽玫瑰仿真花束','【花艺】七头美丽玫瑰仿真花束','【花艺】七头美丽玫瑰仿真花束【花艺】七头美丽玫瑰仿真花束',52,52,101,2,0,0,'/img/product/7.jpg'),(40,'【花艺】七头美丽玫瑰仿真花束','【花艺】七头美丽玫瑰仿真花束','【花艺】七头美丽玫瑰仿真花束【花艺】七头美丽玫瑰仿真花束',149,149,101,2,0,0,'/img/product/7.jpg'),(41,'【花艺】七头美丽玫瑰仿真花束','【花艺】七头美丽玫瑰仿真花束','【花艺】七头美丽玫瑰仿真花束【花艺】七头美丽玫瑰仿真花束',115,115,101,2,0,0,'/img/product/7.jpg'),(42,'【花艺】七头美丽玫瑰仿真花束','【花艺】七头美丽玫瑰仿真花束','【花艺】七头美丽玫瑰仿真花束【花艺】七头美丽玫瑰仿真花束',103,103,101,2,0,0,'/img/product/7.jpg'),(43,'【花艺】七头美丽玫瑰仿真花束','【花艺】七头美丽玫瑰仿真花束','【花艺】七头美丽玫瑰仿真花束【花艺】七头美丽玫瑰仿真花束',165,165,101,2,0,0,'/img/product/7.jpg'),(44,'【花艺】七头美丽玫瑰仿真花束','【花艺】七头美丽玫瑰仿真花束','【花艺】七头美丽玫瑰仿真花束【花艺】七头美丽玫瑰仿真花束',121,121,101,2,0,0,'/img/product/7.jpg'),(45,'【花艺】七头美丽玫瑰仿真花束','【花艺】七头美丽玫瑰仿真花束','【花艺】七头美丽玫瑰仿真花束【花艺】七头美丽玫瑰仿真花束',57,57,101,2,0,0,'/img/product/7.jpg'),(46,'【花艺】七头美丽玫瑰仿真花束','【花艺】七头美丽玫瑰仿真花束','【花艺】七头美丽玫瑰仿真花束【花艺】七头美丽玫瑰仿真花束',158,158,101,2,0,0,'/img/product/7.jpg'),(47,'【花艺】七头美丽玫瑰仿真花束','【花艺】七头美丽玫瑰仿真花束','【花艺】七头美丽玫瑰仿真花束【花艺】七头美丽玫瑰仿真花束',83,83,101,2,0,0,'/img/product/7.jpg'),(48,'【花艺】七头美丽玫瑰仿真花束','【花艺】七头美丽玫瑰仿真花束','【花艺】七头美丽玫瑰仿真花束【花艺】七头美丽玫瑰仿真花束',156,156,101,2,0,0,'/img/product/7.jpg'),(49,'【花艺】七头美丽玫瑰仿真花束','【花艺】七头美丽玫瑰仿真花束','【花艺】七头美丽玫瑰仿真花束【花艺】七头美丽玫瑰仿真花束',121,121,101,2,0,0,'/img/product/7.jpg'),(50,'【花艺】七头美丽玫瑰仿真花束','【花艺】七头美丽玫瑰仿真花束','【花艺】七头美丽玫瑰仿真花束【花艺】七头美丽玫瑰仿真花束',148,148,101,2,0,0,'/img/product/7.jpg'),(51,'【花艺】七头美丽玫瑰仿真花束','【花艺】七头美丽玫瑰仿真花束','【花艺】七头美丽玫瑰仿真花束【花艺】七头美丽玫瑰仿真花束',79,79,101,3,0,0,'/img/product/4.jpg'),(52,'【花艺】七头美丽玫瑰仿真花束','【花艺】七头美丽玫瑰仿真花束','【花艺】七头美丽玫瑰仿真花束【花艺】七头美丽玫瑰仿真花束',179,179,101,3,0,1,'/img/product/2.jpg'),(53,'【花艺】七头美丽玫瑰仿真花束','【花艺】七头美丽玫瑰仿真花束','【花艺】七头美丽玫瑰仿真花束【花艺】七头美丽玫瑰仿真花束',133,133,101,3,0,0,'/img/product/7.jpg'),(54,'【花艺】七头美丽玫瑰仿真花束','【花艺】七头美丽玫瑰仿真花束','【花艺】七头美丽玫瑰仿真花束【花艺】七头美丽玫瑰仿真花束',184,184,101,3,0,1,'/img/product/7.jpg'),(55,'【花艺】七头美丽玫瑰仿真花束','【花艺】七头美丽玫瑰仿真花束','【花艺】七头美丽玫瑰仿真花束【花艺】七头美丽玫瑰仿真花束',50,50,101,3,0,0,'/img/product/7.jpg'),(56,'【花艺】七头美丽玫瑰仿真花束','【花艺】七头美丽玫瑰仿真花束','【花艺】七头美丽玫瑰仿真花束【花艺】七头美丽玫瑰仿真花束',189,189,101,3,0,1,'/img/product/7.jpg'),(57,'【花艺】七头美丽玫瑰仿真花束','【花艺】七头美丽玫瑰仿真花束','【花艺】七头美丽玫瑰仿真花束【花艺】七头美丽玫瑰仿真花束',156,156,101,3,0,0,'/img/product/7.jpg'),(58,'【花艺】七头美丽玫瑰仿真花束','【花艺】七头美丽玫瑰仿真花束','【花艺】七头美丽玫瑰仿真花束【花艺】七头美丽玫瑰仿真花束',71,71,101,3,0,1,'/img/product/7.jpg'),(59,'【花艺】七头美丽玫瑰仿真花束','【花艺】七头美丽玫瑰仿真花束','【花艺】七头美丽玫瑰仿真花束【花艺】七头美丽玫瑰仿真花束',102,102,101,3,0,0,'/img/product/7.jpg'),(60,'【花艺】七头美丽玫瑰仿真花束','【花艺】七头美丽玫瑰仿真花束','【花艺】七头美丽玫瑰仿真花束【花艺】七头美丽玫瑰仿真花束',110,110,101,3,0,0,'/img/product/7.jpg'),(61,'【花艺】七头美丽玫瑰仿真花束','【花艺】七头美丽玫瑰仿真花束','【花艺】七头美丽玫瑰仿真花束【花艺】七头美丽玫瑰仿真花束',114,114,101,3,0,0,'/img/product/7.jpg'),(62,'【花艺】七头美丽玫瑰仿真花束','【花艺】七头美丽玫瑰仿真花束','【花艺】七头美丽玫瑰仿真花束【花艺】七头美丽玫瑰仿真花束',134,134,101,3,0,1,'/img/product/7.jpg'),(63,'【花艺】七头美丽玫瑰仿真花束','【花艺】七头美丽玫瑰仿真花束','【花艺】七头美丽玫瑰仿真花束【花艺】七头美丽玫瑰仿真花束',180,180,101,3,0,0,'/img/product/7.jpg'),(64,'【花艺】七头美丽玫瑰仿真花束','【花艺】七头美丽玫瑰仿真花束','【花艺】七头美丽玫瑰仿真花束【花艺】七头美丽玫瑰仿真花束',114,114,101,3,0,0,'/img/product/7.jpg'),(65,'【花艺】七头美丽玫瑰仿真花束','【花艺】七头美丽玫瑰仿真花束','【花艺】七头美丽玫瑰仿真花束【花艺】七头美丽玫瑰仿真花束',109,109,101,3,0,0,'/img/product/7.jpg'),(66,'【花艺】七头美丽玫瑰仿真花束','【花艺】七头美丽玫瑰仿真花束','【花艺】七头美丽玫瑰仿真花束【花艺】七头美丽玫瑰仿真花束',148,148,101,3,0,0,'/img/product/7.jpg'),(67,'【花艺】七头美丽玫瑰仿真花束','【花艺】七头美丽玫瑰仿真花束','【花艺】七头美丽玫瑰仿真花束【花艺】七头美丽玫瑰仿真花束',192,192,101,3,0,0,'/img/product/7.jpg'),(68,'【花艺】七头美丽玫瑰仿真花束','【花艺】七头美丽玫瑰仿真花束','【花艺】七头美丽玫瑰仿真花束【花艺】七头美丽玫瑰仿真花束',73,73,101,3,0,0,'/img/product/7.jpg'),(69,'【花艺】七头美丽玫瑰仿真花束','【花艺】七头美丽玫瑰仿真花束','【花艺】七头美丽玫瑰仿真花束【花艺】七头美丽玫瑰仿真花束',115,115,101,3,0,0,'/img/product/7.jpg'),(70,'【花艺】七头美丽玫瑰仿真花束','【花艺】七头美丽玫瑰仿真花束','【花艺】七头美丽玫瑰仿真花束【花艺】七头美丽玫瑰仿真花束',176,176,101,3,0,0,'/img/product/7.jpg'),(71,'【花艺】七头美丽玫瑰仿真花束','【花艺】七头美丽玫瑰仿真花束','【花艺】七头美丽玫瑰仿真花束【花艺】七头美丽玫瑰仿真花束',57,57,101,3,0,0,'/img/product/7.jpg'),(72,'【花艺】七头美丽玫瑰仿真花束','【花艺】七头美丽玫瑰仿真花束','【花艺】七头美丽玫瑰仿真花束【花艺】七头美丽玫瑰仿真花束',106,106,101,3,0,0,'/img/product/7.jpg'),(73,'【花艺】七头美丽玫瑰仿真花束','【花艺】七头美丽玫瑰仿真花束','【花艺】七头美丽玫瑰仿真花束【花艺】七头美丽玫瑰仿真花束',157,157,101,3,0,0,'/img/product/7.jpg'),(74,'【花艺】七头美丽玫瑰仿真花束','【花艺】七头美丽玫瑰仿真花束','【花艺】七头美丽玫瑰仿真花束【花艺】七头美丽玫瑰仿真花束',92,92,101,3,0,0,'/img/product/7.jpg'),(75,'【花艺】七头美丽玫瑰仿真花束','【花艺】七头美丽玫瑰仿真花束','【花艺】七头美丽玫瑰仿真花束【花艺】七头美丽玫瑰仿真花束',189,189,101,3,0,0,'/img/product/7.jpg'),(76,'【花艺】七头美丽玫瑰仿真花束','【花艺】七头美丽玫瑰仿真花束','【花艺】七头美丽玫瑰仿真花束【花艺】七头美丽玫瑰仿真花束',63,63,101,3,0,0,'/img/product/7.jpg'),(77,'【花艺】七头美丽玫瑰仿真花束','【花艺】七头美丽玫瑰仿真花束','【花艺】七头美丽玫瑰仿真花束【花艺】七头美丽玫瑰仿真花束',103,103,101,3,0,0,'/img/product/7.jpg'),(78,'【花艺】七头美丽玫瑰仿真花束','【花艺】七头美丽玫瑰仿真花束','【花艺】七头美丽玫瑰仿真花束【花艺】七头美丽玫瑰仿真花束',186,186,101,3,0,0,'/img/product/7.jpg'),(79,'【花艺】七头美丽玫瑰仿真花束','【花艺】七头美丽玫瑰仿真花束','【花艺】七头美丽玫瑰仿真花束【花艺】七头美丽玫瑰仿真花束',69,69,101,3,0,0,'/img/product/7.jpg'),(80,'【花艺】七头美丽玫瑰仿真花束','【花艺】七头美丽玫瑰仿真花束','【花艺】七头美丽玫瑰仿真花束【花艺】七头美丽玫瑰仿真花束',97,97,101,3,0,0,'/img/product/7.jpg'),(81,'【花艺】七头美丽玫瑰仿真花束','【花艺】七头美丽玫瑰仿真花束','【花艺】七头美丽玫瑰仿真花束【花艺】七头美丽玫瑰仿真花束',165,165,101,4,0,0,'/img/product/7.jpg'),(82,'【花艺】七头美丽玫瑰仿真花束','【花艺】七头美丽玫瑰仿真花束','【花艺】七头美丽玫瑰仿真花束【花艺】七头美丽玫瑰仿真花束',172,172,101,4,0,0,'/img/product/7.jpg'),(83,'【花艺】七头美丽玫瑰仿真花束','【花艺】七头美丽玫瑰仿真花束','【花艺】七头美丽玫瑰仿真花束【花艺】七头美丽玫瑰仿真花束',134,134,101,4,0,0,'/img/product/7.jpg'),(84,'【花艺】七头美丽玫瑰仿真花束','【花艺】七头美丽玫瑰仿真花束','【花艺】七头美丽玫瑰仿真花束【花艺】七头美丽玫瑰仿真花束',111,111,101,4,0,0,'/img/product/7.jpg'),(85,'【花艺】七头美丽玫瑰仿真花束','【花艺】七头美丽玫瑰仿真花束','【花艺】七头美丽玫瑰仿真花束【花艺】七头美丽玫瑰仿真花束',153,153,101,4,0,0,'/img/product/7.jpg'),(86,'【花艺】七头美丽玫瑰仿真花束','【花艺】七头美丽玫瑰仿真花束','【花艺】七头美丽玫瑰仿真花束【花艺】七头美丽玫瑰仿真花束',115,115,101,4,0,0,'/img/product/7.jpg'),(87,'【花艺】七头美丽玫瑰仿真花束','【花艺】七头美丽玫瑰仿真花束','【花艺】七头美丽玫瑰仿真花束【花艺】七头美丽玫瑰仿真花束',70,70,101,4,0,0,'/img/product/7.jpg'),(88,'【花艺】七头美丽玫瑰仿真花束','【花艺】七头美丽玫瑰仿真花束','【花艺】七头美丽玫瑰仿真花束【花艺】七头美丽玫瑰仿真花束',149,149,101,4,0,0,'/img/product/7.jpg'),(89,'【花艺】七头美丽玫瑰仿真花束','【花艺】七头美丽玫瑰仿真花束','【花艺】七头美丽玫瑰仿真花束【花艺】七头美丽玫瑰仿真花束',106,106,101,4,0,0,'/img/product/7.jpg'),(90,'【花艺】七头美丽玫瑰仿真花束','【花艺】七头美丽玫瑰仿真花束','【花艺】七头美丽玫瑰仿真花束【花艺】七头美丽玫瑰仿真花束',78,78,101,4,0,0,'/img/product/7.jpg'),(91,'【花艺】七头美丽玫瑰仿真花束','【花艺】七头美丽玫瑰仿真花束','【花艺】七头美丽玫瑰仿真花束【花艺】七头美丽玫瑰仿真花束',82,82,101,4,0,0,'/img/product/7.jpg'),(92,'【花艺】七头美丽玫瑰仿真花束','【花艺】七头美丽玫瑰仿真花束','【花艺】七头美丽玫瑰仿真花束【花艺】七头美丽玫瑰仿真花束',105,105,101,4,0,0,'/img/product/7.jpg'),(93,'【花艺】七头美丽玫瑰仿真花束','【花艺】七头美丽玫瑰仿真花束','【花艺】七头美丽玫瑰仿真花束【花艺】七头美丽玫瑰仿真花束',69,69,101,4,0,0,'/img/product/7.jpg'),(94,'【花艺】七头美丽玫瑰仿真花束','【花艺】七头美丽玫瑰仿真花束','【花艺】七头美丽玫瑰仿真花束【花艺】七头美丽玫瑰仿真花束',64,64,101,4,0,0,'/img/product/7.jpg'),(95,'【花艺】七头美丽玫瑰仿真花束','【花艺】七头美丽玫瑰仿真花束','【花艺】七头美丽玫瑰仿真花束【花艺】七头美丽玫瑰仿真花束',155,155,101,4,0,0,'/img/product/7.jpg'),(96,'【花艺】七头美丽玫瑰仿真花束','【花艺】七头美丽玫瑰仿真花束','【花艺】七头美丽玫瑰仿真花束【花艺】七头美丽玫瑰仿真花束',124,124,101,4,0,0,'/img/product/7.jpg'),(97,'【花艺】七头美丽玫瑰仿真花束','【花艺】七头美丽玫瑰仿真花束','【花艺】七头美丽玫瑰仿真花束【花艺】七头美丽玫瑰仿真花束',63,63,101,4,0,0,'/img/product/7.jpg'),(98,'【花艺】七头美丽玫瑰仿真花束','【花艺】七头美丽玫瑰仿真花束','【花艺】七头美丽玫瑰仿真花束【花艺】七头美丽玫瑰仿真花束',90,90,101,4,0,0,'/img/product/7.jpg'),(99,'【花艺】七头美丽玫瑰仿真花束','【花艺】七头美丽玫瑰仿真花束','【花艺】七头美丽玫瑰仿真花束【花艺】七头美丽玫瑰仿真花束',94,94,101,4,0,0,'/img/product/7.jpg'),(100,'【花艺】七头美丽玫瑰仿真花束','【花艺】七头美丽玫瑰仿真花束','【花艺】七头美丽玫瑰仿真花束【花艺】七头美丽玫瑰仿真花束',80,80,101,4,0,0,'/img/product/7.jpg'),(101,'【花艺】七头美丽玫瑰仿真花束','【花艺】七头美丽玫瑰仿真花束','【花艺】七头美丽玫瑰仿真花束【花艺】七头美丽玫瑰仿真花束',72,72,101,4,0,0,'/img/product/7.jpg'),(102,'【花艺】七头美丽玫瑰仿真花束','【花艺】七头美丽玫瑰仿真花束','【花艺】七头美丽玫瑰仿真花束【花艺】七头美丽玫瑰仿真花束',65,65,101,4,0,0,'/img/product/7.jpg'),(103,'【花艺】七头美丽玫瑰仿真花束','【花艺】七头美丽玫瑰仿真花束','【花艺】七头美丽玫瑰仿真花束【花艺】七头美丽玫瑰仿真花束',132,132,101,4,0,0,'/img/product/7.jpg'),(104,'【花艺】七头美丽玫瑰仿真花束','【花艺】七头美丽玫瑰仿真花束','【花艺】七头美丽玫瑰仿真花束【花艺】七头美丽玫瑰仿真花束',137,137,101,4,0,0,'/img/product/7.jpg'),(105,'【花艺】七头美丽玫瑰仿真花束','【花艺】七头美丽玫瑰仿真花束','【花艺】七头美丽玫瑰仿真花束【花艺】七头美丽玫瑰仿真花束',58,58,101,4,0,0,'/img/product/7.jpg'),(106,'【花艺】七头美丽玫瑰仿真花束','【花艺】七头美丽玫瑰仿真花束','【花艺】七头美丽玫瑰仿真花束【花艺】七头美丽玫瑰仿真花束',177,177,101,4,0,0,'/img/product/7.jpg'),(107,'【花艺】七头美丽玫瑰仿真花束','【花艺】七头美丽玫瑰仿真花束','【花艺】七头美丽玫瑰仿真花束【花艺】七头美丽玫瑰仿真花束',137,137,101,4,0,0,'/img/product/7.jpg'),(108,'【花艺】七头美丽玫瑰仿真花束','【花艺】七头美丽玫瑰仿真花束','【花艺】七头美丽玫瑰仿真花束【花艺】七头美丽玫瑰仿真花束',128,128,101,4,0,0,'/img/product/7.jpg'),(109,'【花艺】七头美丽玫瑰仿真花束','【花艺】七头美丽玫瑰仿真花束','【花艺】七头美丽玫瑰仿真花束【花艺】七头美丽玫瑰仿真花束',146,146,101,4,0,0,'/img/product/7.jpg'),(110,'【花艺】七头美丽玫瑰仿真花束','【花艺】七头美丽玫瑰仿真花束','【花艺】七头美丽玫瑰仿真花束【花艺】七头美丽玫瑰仿真花束',133,133,101,4,0,0,'/img/product/7.jpg'),(111,'【花艺】七头美丽玫瑰仿真花束','【花艺】七头美丽玫瑰仿真花束','【花艺】七头美丽玫瑰仿真花束【花艺】七头美丽玫瑰仿真花束',156,156,101,4,0,0,'/img/product/7.jpg'),(112,'【花艺】七头美丽玫瑰仿真花束','【花艺】七头美丽玫瑰仿真花束','【花艺】七头美丽玫瑰仿真花束【花艺】七头美丽玫瑰仿真花束',128,128,101,4,0,0,'/img/product/7.jpg'),(113,'【花艺】七头美丽玫瑰仿真花束','【花艺】七头美丽玫瑰仿真花束','【花艺】七头美丽玫瑰仿真花束【花艺】七头美丽玫瑰仿真花束',132,132,101,4,0,0,'/img/product/7.jpg'),(114,'【花艺】七头美丽玫瑰仿真花束','【花艺】七头美丽玫瑰仿真花束','【花艺】七头美丽玫瑰仿真花束【花艺】七头美丽玫瑰仿真花束',166,166,101,4,0,0,'/img/product/7.jpg'),(115,'【花艺】七头美丽玫瑰仿真花束','【花艺】七头美丽玫瑰仿真花束','【花艺】七头美丽玫瑰仿真花束【花艺】七头美丽玫瑰仿真花束',174,174,101,4,0,0,'/img/product/7.jpg'),(116,'【花艺】七头美丽玫瑰仿真花束','【花艺】七头美丽玫瑰仿真花束','【花艺】七头美丽玫瑰仿真花束【花艺】七头美丽玫瑰仿真花束',165,165,101,4,0,0,'/img/product/7.jpg'),(117,'【花艺】七头美丽玫瑰仿真花束','【花艺】七头美丽玫瑰仿真花束','【花艺】七头美丽玫瑰仿真花束【花艺】七头美丽玫瑰仿真花束',66,66,101,4,0,0,'/img/product/7.jpg'),(118,'【花艺】七头美丽玫瑰仿真花束','【花艺】七头美丽玫瑰仿真花束','【花艺】七头美丽玫瑰仿真花束【花艺】七头美丽玫瑰仿真花束',81,81,101,4,0,0,'/img/product/7.jpg'),(119,'【花艺】七头美丽玫瑰仿真花束','【花艺】七头美丽玫瑰仿真花束','【花艺】七头美丽玫瑰仿真花束【花艺】七头美丽玫瑰仿真花束',53,53,101,4,0,0,'/img/product/7.jpg'),(120,'【花艺】七头美丽玫瑰仿真花束','【花艺】七头美丽玫瑰仿真花束','【花艺】七头美丽玫瑰仿真花束【花艺】七头美丽玫瑰仿真花束',131,131,101,4,0,0,'/img/product/7.jpg'),(121,'【花艺】七头美丽玫瑰仿真花束','【花艺】七头美丽玫瑰仿真花束','【花艺】七头美丽玫瑰仿真花束【花艺】七头美丽玫瑰仿真花束',71,71,101,4,0,0,'/img/product/7.jpg'),(122,'【花艺】七头美丽玫瑰仿真花束','【花艺】七头美丽玫瑰仿真花束','【花艺】七头美丽玫瑰仿真花束【花艺】七头美丽玫瑰仿真花束',166,166,101,4,0,0,'/img/product/7.jpg'),(123,'【花艺】七头美丽玫瑰仿真花束','【花艺】七头美丽玫瑰仿真花束','【花艺】七头美丽玫瑰仿真花束【花艺】七头美丽玫瑰仿真花束',124,124,101,4,0,0,'/img/product/7.jpg'),(124,'【花艺】七头美丽玫瑰仿真花束','【花艺】七头美丽玫瑰仿真花束','【花艺】七头美丽玫瑰仿真花束【花艺】七头美丽玫瑰仿真花束',123,123,101,4,0,0,'/img/product/7.jpg'),(125,'【花艺】七头美丽玫瑰仿真花束','【花艺】七头美丽玫瑰仿真花束','【花艺】七头美丽玫瑰仿真花束【花艺】七头美丽玫瑰仿真花束',167,167,101,4,0,0,'/img/product/7.jpg'),(126,'【花艺】七头美丽玫瑰仿真花束','【花艺】七头美丽玫瑰仿真花束','【花艺】七头美丽玫瑰仿真花束【花艺】七头美丽玫瑰仿真花束',126,126,101,4,0,0,'/img/product/7.jpg'),(127,'【花艺】七头美丽玫瑰仿真花束','【花艺】七头美丽玫瑰仿真花束','【花艺】七头美丽玫瑰仿真花束【花艺】七头美丽玫瑰仿真花束',152,152,101,4,0,0,'/img/product/7.jpg'),(128,'【花艺】七头美丽玫瑰仿真花束','【花艺】七头美丽玫瑰仿真花束','【花艺】七头美丽玫瑰仿真花束【花艺】七头美丽玫瑰仿真花束',114,114,101,4,0,0,'/img/product/7.jpg'),(129,'【花艺】七头美丽玫瑰仿真花束','【花艺】七头美丽玫瑰仿真花束','【花艺】七头美丽玫瑰仿真花束【花艺】七头美丽玫瑰仿真花束',194,194,101,4,0,0,'/img/product/7.jpg'),(130,'【花艺】七头美丽玫瑰仿真花束','【花艺】七头美丽玫瑰仿真花束','【花艺】七头美丽玫瑰仿真花束【花艺】七头美丽玫瑰仿真花束',122,122,101,4,0,0,'/img/product/7.jpg'),(131,'【花艺】七头美丽玫瑰仿真花束','【花艺】七头美丽玫瑰仿真花束','【花艺】七头美丽玫瑰仿真花束【花艺】七头美丽玫瑰仿真花束',119,119,101,5,0,0,'/img/product/7.jpg'),(132,'【花艺】七头美丽玫瑰仿真花束','【花艺】七头美丽玫瑰仿真花束','【花艺】七头美丽玫瑰仿真花束【花艺】七头美丽玫瑰仿真花束',126,126,101,5,0,0,'/img/product/7.jpg'),(133,'【花艺】七头美丽玫瑰仿真花束','【花艺】七头美丽玫瑰仿真花束','【花艺】七头美丽玫瑰仿真花束【花艺】七头美丽玫瑰仿真花束',124,124,101,5,0,0,'/img/product/7.jpg'),(134,'【花艺】七头美丽玫瑰仿真花束','【花艺】七头美丽玫瑰仿真花束','【花艺】七头美丽玫瑰仿真花束【花艺】七头美丽玫瑰仿真花束',171,171,101,5,0,0,'/img/product/7.jpg'),(135,'【花艺】七头美丽玫瑰仿真花束','【花艺】七头美丽玫瑰仿真花束','【花艺】七头美丽玫瑰仿真花束【花艺】七头美丽玫瑰仿真花束',185,185,101,5,0,0,'/img/product/7.jpg'),(136,'【花艺】七头美丽玫瑰仿真花束','【花艺】七头美丽玫瑰仿真花束','【花艺】七头美丽玫瑰仿真花束【花艺】七头美丽玫瑰仿真花束',175,175,101,5,0,0,'/img/product/7.jpg'),(137,'【花艺】七头美丽玫瑰仿真花束','【花艺】七头美丽玫瑰仿真花束','【花艺】七头美丽玫瑰仿真花束【花艺】七头美丽玫瑰仿真花束',160,160,101,5,0,0,'/img/product/7.jpg'),(138,'【花艺】七头美丽玫瑰仿真花束','【花艺】七头美丽玫瑰仿真花束','【花艺】七头美丽玫瑰仿真花束【花艺】七头美丽玫瑰仿真花束',117,117,101,5,0,0,'/img/product/7.jpg'),(139,'【花艺】七头美丽玫瑰仿真花束','【花艺】七头美丽玫瑰仿真花束','【花艺】七头美丽玫瑰仿真花束【花艺】七头美丽玫瑰仿真花束',184,184,101,5,0,0,'/img/product/7.jpg'),(140,'【花艺】七头美丽玫瑰仿真花束','【花艺】七头美丽玫瑰仿真花束','【花艺】七头美丽玫瑰仿真花束【花艺】七头美丽玫瑰仿真花束',55,55,101,5,0,0,'/img/product/7.jpg'),(141,'【花艺】七头美丽玫瑰仿真花束','【花艺】七头美丽玫瑰仿真花束','【花艺】七头美丽玫瑰仿真花束【花艺】七头美丽玫瑰仿真花束',138,138,101,5,0,0,'/img/product/7.jpg'),(142,'【花艺】七头美丽玫瑰仿真花束','【花艺】七头美丽玫瑰仿真花束','【花艺】七头美丽玫瑰仿真花束【花艺】七头美丽玫瑰仿真花束',178,178,101,5,0,0,'/img/product/7.jpg'),(143,'【花艺】七头美丽玫瑰仿真花束','【花艺】七头美丽玫瑰仿真花束','【花艺】七头美丽玫瑰仿真花束【花艺】七头美丽玫瑰仿真花束',53,53,101,5,0,0,'/img/product/7.jpg'),(144,'【花艺】七头美丽玫瑰仿真花束','【花艺】七头美丽玫瑰仿真花束','【花艺】七头美丽玫瑰仿真花束【花艺】七头美丽玫瑰仿真花束',158,158,101,5,0,0,'/img/product/7.jpg'),(145,'【花艺】七头美丽玫瑰仿真花束','【花艺】七头美丽玫瑰仿真花束','【花艺】七头美丽玫瑰仿真花束【花艺】七头美丽玫瑰仿真花束',123,123,101,5,0,0,'/img/product/7.jpg'),(146,'【花艺】七头美丽玫瑰仿真花束','【花艺】七头美丽玫瑰仿真花束','【花艺】七头美丽玫瑰仿真花束【花艺】七头美丽玫瑰仿真花束',170,170,101,5,0,0,'/img/product/7.jpg'),(147,'【花艺】七头美丽玫瑰仿真花束','【花艺】七头美丽玫瑰仿真花束','【花艺】七头美丽玫瑰仿真花束【花艺】七头美丽玫瑰仿真花束',184,184,101,5,0,0,'/img/product/7.jpg'),(148,'【花艺】七头美丽玫瑰仿真花束','【花艺】七头美丽玫瑰仿真花束','【花艺】七头美丽玫瑰仿真花束【花艺】七头美丽玫瑰仿真花束',167,167,101,5,0,0,'/img/product/7.jpg'),(149,'【花艺】七头美丽玫瑰仿真花束','【花艺】七头美丽玫瑰仿真花束','【花艺】七头美丽玫瑰仿真花束【花艺】七头美丽玫瑰仿真花束',166,166,101,5,0,0,'/img/product/7.jpg'),(150,'【花艺】七头美丽玫瑰仿真花束','【花艺】七头美丽玫瑰仿真花束','【花艺】七头美丽玫瑰仿真花束【花艺】七头美丽玫瑰仿真花束',167,167,101,5,0,0,'/img/product/7.jpg'),(151,'【花艺】七头美丽玫瑰仿真花束','【花艺】七头美丽玫瑰仿真花束','【花艺】七头美丽玫瑰仿真花束【花艺】七头美丽玫瑰仿真花束',175,175,101,5,0,0,'/img/product/7.jpg'),(152,'【花艺】七头美丽玫瑰仿真花束','【花艺】七头美丽玫瑰仿真花束','【花艺】七头美丽玫瑰仿真花束【花艺】七头美丽玫瑰仿真花束',175,175,101,5,0,0,'/img/product/7.jpg'),(153,'【花艺】七头美丽玫瑰仿真花束','【花艺】七头美丽玫瑰仿真花束','【花艺】七头美丽玫瑰仿真花束【花艺】七头美丽玫瑰仿真花束',106,106,101,5,0,0,'/img/product/7.jpg'),(154,'【花艺】七头美丽玫瑰仿真花束','【花艺】七头美丽玫瑰仿真花束','【花艺】七头美丽玫瑰仿真花束【花艺】七头美丽玫瑰仿真花束',148,148,101,5,0,0,'/img/product/7.jpg'),(155,'【花艺】七头美丽玫瑰仿真花束','【花艺】七头美丽玫瑰仿真花束','【花艺】七头美丽玫瑰仿真花束【花艺】七头美丽玫瑰仿真花束',67,67,101,5,0,0,'/img/product/7.jpg'),(156,'【花艺】七头美丽玫瑰仿真花束','【花艺】七头美丽玫瑰仿真花束','【花艺】七头美丽玫瑰仿真花束【花艺】七头美丽玫瑰仿真花束',86,86,101,5,0,0,'/img/product/7.jpg'),(157,'【花艺】七头美丽玫瑰仿真花束','【花艺】七头美丽玫瑰仿真花束','【花艺】七头美丽玫瑰仿真花束【花艺】七头美丽玫瑰仿真花束',130,130,101,5,0,0,'/img/product/7.jpg'),(158,'【花艺】七头美丽玫瑰仿真花束','【花艺】七头美丽玫瑰仿真花束','【花艺】七头美丽玫瑰仿真花束【花艺】七头美丽玫瑰仿真花束',199,199,101,5,0,0,'/img/product/7.jpg'),(159,'【花艺】七头美丽玫瑰仿真花束','【花艺】七头美丽玫瑰仿真花束','【花艺】七头美丽玫瑰仿真花束【花艺】七头美丽玫瑰仿真花束',76,76,101,5,0,0,'/img/product/7.jpg'),(160,'【花艺】七头美丽玫瑰仿真花束','【花艺】七头美丽玫瑰仿真花束','【花艺】七头美丽玫瑰仿真花束【花艺】七头美丽玫瑰仿真花束',103,103,101,5,0,0,'/img/product/7.jpg'),(161,'【花艺】七头美丽玫瑰仿真花束','【花艺】七头美丽玫瑰仿真花束','【花艺】七头美丽玫瑰仿真花束【花艺】七头美丽玫瑰仿真花束',81,81,101,5,0,0,'/img/product/7.jpg'),(162,'【花艺】七头美丽玫瑰仿真花束','【花艺】七头美丽玫瑰仿真花束','【花艺】七头美丽玫瑰仿真花束【花艺】七头美丽玫瑰仿真花束',167,167,101,5,0,0,'/img/product/7.jpg'),(163,'【花艺】七头美丽玫瑰仿真花束','【花艺】七头美丽玫瑰仿真花束','【花艺】七头美丽玫瑰仿真花束【花艺】七头美丽玫瑰仿真花束',197,197,101,5,0,0,'/img/product/7.jpg'),(164,'【花艺】七头美丽玫瑰仿真花束','【花艺】七头美丽玫瑰仿真花束','【花艺】七头美丽玫瑰仿真花束【花艺】七头美丽玫瑰仿真花束',151,151,101,5,0,0,'/img/product/7.jpg'),(165,'【花艺】七头美丽玫瑰仿真花束','【花艺】七头美丽玫瑰仿真花束','【花艺】七头美丽玫瑰仿真花束【花艺】七头美丽玫瑰仿真花束',53,53,101,5,0,0,'/img/product/7.jpg'),(166,'【花艺】七头美丽玫瑰仿真花束','【花艺】七头美丽玫瑰仿真花束','【花艺】七头美丽玫瑰仿真花束【花艺】七头美丽玫瑰仿真花束',98,98,101,5,0,0,'/img/product/7.jpg'),(167,'【花艺】七头美丽玫瑰仿真花束','【花艺】七头美丽玫瑰仿真花束','【花艺】七头美丽玫瑰仿真花束【花艺】七头美丽玫瑰仿真花束',199,199,101,5,0,0,'/img/product/7.jpg'),(168,'【花艺】七头美丽玫瑰仿真花束','【花艺】七头美丽玫瑰仿真花束','【花艺】七头美丽玫瑰仿真花束【花艺】七头美丽玫瑰仿真花束',198,198,101,5,0,0,'/img/product/7.jpg'),(169,'【花艺】七头美丽玫瑰仿真花束','【花艺】七头美丽玫瑰仿真花束','【花艺】七头美丽玫瑰仿真花束【花艺】七头美丽玫瑰仿真花束',175,175,101,5,0,0,'/img/product/7.jpg'),(170,'【花艺】七头美丽玫瑰仿真花束','【花艺】七头美丽玫瑰仿真花束','【花艺】七头美丽玫瑰仿真花束【花艺】七头美丽玫瑰仿真花束',52,52,101,5,0,0,'/img/product/7.jpg'),(171,'【花艺】七头美丽玫瑰仿真花束','【花艺】七头美丽玫瑰仿真花束','【花艺】七头美丽玫瑰仿真花束【花艺】七头美丽玫瑰仿真花束',169,169,101,2,0,0,'/img/product/7.jpg'),(172,'【花艺】七头美丽玫瑰仿真花束','【花艺】七头美丽玫瑰仿真花束','【花艺】七头美丽玫瑰仿真花束【花艺】七头美丽玫瑰仿真花束',198,198,101,2,0,0,'/img/product/7.jpg'),(173,'【花艺】七头美丽玫瑰仿真花束','【花艺】七头美丽玫瑰仿真花束','【花艺】七头美丽玫瑰仿真花束【花艺】七头美丽玫瑰仿真花束',151,151,101,2,0,0,'/img/product/7.jpg'),(174,'【花艺】七头美丽玫瑰仿真花束','【花艺】七头美丽玫瑰仿真花束','【花艺】七头美丽玫瑰仿真花束【花艺】七头美丽玫瑰仿真花束',196,196,101,2,0,0,'/img/product/7.jpg'),(175,'【花艺】七头美丽玫瑰仿真花束','【花艺】七头美丽玫瑰仿真花束','【花艺】七头美丽玫瑰仿真花束【花艺】七头美丽玫瑰仿真花束',108,108,101,2,0,0,'/img/product/7.jpg'),(176,'【花艺】七头美丽玫瑰仿真花束','【花艺】七头美丽玫瑰仿真花束','【花艺】七头美丽玫瑰仿真花束【花艺】七头美丽玫瑰仿真花束',155,155,101,2,0,0,'/img/product/7.jpg'),(177,'【花艺】七头美丽玫瑰仿真花束','【花艺】七头美丽玫瑰仿真花束','【花艺】七头美丽玫瑰仿真花束【花艺】七头美丽玫瑰仿真花束',175,175,101,2,0,0,'/img/product/7.jpg'),(178,'【花艺】七头美丽玫瑰仿真花束','【花艺】七头美丽玫瑰仿真花束','【花艺】七头美丽玫瑰仿真花束【花艺】七头美丽玫瑰仿真花束',127,127,101,2,0,0,'/img/product/7.jpg'),(179,'【花艺】七头美丽玫瑰仿真花束','【花艺】七头美丽玫瑰仿真花束','【花艺】七头美丽玫瑰仿真花束【花艺】七头美丽玫瑰仿真花束',87,87,101,2,0,0,'/img/product/7.jpg'),(180,'【花艺】七头美丽玫瑰仿真花束','【花艺】七头美丽玫瑰仿真花束','【花艺】七头美丽玫瑰仿真花束【花艺】七头美丽玫瑰仿真花束',77,77,101,2,0,0,'/img/product/7.jpg'),(181,'【花艺】七头美丽玫瑰仿真花束','【花艺】七头美丽玫瑰仿真花束','【花艺】七头美丽玫瑰仿真花束【花艺】七头美丽玫瑰仿真花束',75,75,101,2,0,0,'/img/product/7.jpg'),(182,'【花艺】七头美丽玫瑰仿真花束','【花艺】七头美丽玫瑰仿真花束','【花艺】七头美丽玫瑰仿真花束【花艺】七头美丽玫瑰仿真花束',136,136,101,2,0,0,'/img/product/7.jpg'),(183,'【花艺】七头美丽玫瑰仿真花束','【花艺】七头美丽玫瑰仿真花束','【花艺】七头美丽玫瑰仿真花束【花艺】七头美丽玫瑰仿真花束',123,123,101,2,0,0,'/img/product/7.jpg'),(184,'【花艺】七头美丽玫瑰仿真花束','【花艺】七头美丽玫瑰仿真花束','【花艺】七头美丽玫瑰仿真花束【花艺】七头美丽玫瑰仿真花束',57,57,101,2,0,0,'/img/product/7.jpg'),(185,'【花艺】七头美丽玫瑰仿真花束','【花艺】七头美丽玫瑰仿真花束','【花艺】七头美丽玫瑰仿真花束【花艺】七头美丽玫瑰仿真花束',133,133,101,2,0,0,'/img/product/7.jpg'),(186,'【花艺】七头美丽玫瑰仿真花束','【花艺】七头美丽玫瑰仿真花束','【花艺】七头美丽玫瑰仿真花束【花艺】七头美丽玫瑰仿真花束',69,69,101,2,0,0,'/img/product/7.jpg'),(187,'【花艺】七头美丽玫瑰仿真花束','【花艺】七头美丽玫瑰仿真花束','【花艺】七头美丽玫瑰仿真花束【花艺】七头美丽玫瑰仿真花束',115,115,101,2,0,0,'/img/product/7.jpg'),(188,'【花艺】七头美丽玫瑰仿真花束','【花艺】七头美丽玫瑰仿真花束','【花艺】七头美丽玫瑰仿真花束【花艺】七头美丽玫瑰仿真花束',61,61,101,2,0,0,'/img/product/7.jpg'),(189,'【花艺】七头美丽玫瑰仿真花束','【花艺】七头美丽玫瑰仿真花束','【花艺】七头美丽玫瑰仿真花束【花艺】七头美丽玫瑰仿真花束',137,137,101,2,0,0,'/img/product/7.jpg'),(190,'【花艺】七头美丽玫瑰仿真花束','【花艺】七头美丽玫瑰仿真花束','【花艺】七头美丽玫瑰仿真花束【花艺】七头美丽玫瑰仿真花束',103,103,101,2,0,0,'/img/product/7.jpg'),(191,'【花艺】七头美丽玫瑰仿真花束','【花艺】七头美丽玫瑰仿真花束','【花艺】七头美丽玫瑰仿真花束【花艺】七头美丽玫瑰仿真花束',121,121,101,3,0,0,'/img/product/7.jpg'),(192,'【花艺】七头美丽玫瑰仿真花束','【花艺】七头美丽玫瑰仿真花束','【花艺】七头美丽玫瑰仿真花束【花艺】七头美丽玫瑰仿真花束',188,188,101,3,0,0,'/img/product/7.jpg'),(193,'【花艺】七头美丽玫瑰仿真花束','【花艺】七头美丽玫瑰仿真花束','【花艺】七头美丽玫瑰仿真花束【花艺】七头美丽玫瑰仿真花束',83,83,101,3,0,0,'/img/product/7.jpg'),(194,'【花艺】七头美丽玫瑰仿真花束','【花艺】七头美丽玫瑰仿真花束','【花艺】七头美丽玫瑰仿真花束【花艺】七头美丽玫瑰仿真花束',193,193,101,3,0,0,'/img/product/7.jpg'),(195,'【花艺】七头美丽玫瑰仿真花束','【花艺】七头美丽玫瑰仿真花束','【花艺】七头美丽玫瑰仿真花束【花艺】七头美丽玫瑰仿真花束',80,80,101,3,0,0,'/img/product/7.jpg'),(196,'【花艺】七头美丽玫瑰仿真花束','【花艺】七头美丽玫瑰仿真花束','【花艺】七头美丽玫瑰仿真花束【花艺】七头美丽玫瑰仿真花束',79,79,101,3,0,0,'/img/product/7.jpg'),(197,'【花艺】七头美丽玫瑰仿真花束','【花艺】七头美丽玫瑰仿真花束','【花艺】七头美丽玫瑰仿真花束【花艺】七头美丽玫瑰仿真花束',182,182,101,3,0,0,'/img/product/7.jpg'),(198,'【花艺】七头美丽玫瑰仿真花束','【花艺】七头美丽玫瑰仿真花束','【花艺】七头美丽玫瑰仿真花束【花艺】七头美丽玫瑰仿真花束',199,199,101,3,0,0,'/img/product/7.jpg'),(199,'【花艺】七头美丽玫瑰仿真花束','【花艺】七头美丽玫瑰仿真花束','【花艺】七头美丽玫瑰仿真花束【花艺】七头美丽玫瑰仿真花束',198,198,101,3,0,0,'/img/product/7.jpg'),(200,'【花艺】七头美丽玫瑰仿真花束','【花艺】七头美丽玫瑰仿真花束','【花艺】七头美丽玫瑰仿真花束【花艺】七头美丽玫瑰仿真花束',168,168,101,3,0,0,'/img/product/7.jpg'),(201,'【花艺】七头美丽玫瑰仿真花束','【花艺】七头美丽玫瑰仿真花束','【花艺】七头美丽玫瑰仿真花束【花艺】七头美丽玫瑰仿真花束',62,62,101,3,0,0,'/img/product/7.jpg'),(202,'【花艺】七头美丽玫瑰仿真花束','【花艺】七头美丽玫瑰仿真花束','【花艺】七头美丽玫瑰仿真花束【花艺】七头美丽玫瑰仿真花束',131,131,101,3,0,0,'/img/product/7.jpg'),(203,'【花艺】七头美丽玫瑰仿真花束','【花艺】七头美丽玫瑰仿真花束','【花艺】七头美丽玫瑰仿真花束【花艺】七头美丽玫瑰仿真花束',139,139,101,3,0,0,'/img/product/7.jpg'),(204,'【花艺】七头美丽玫瑰仿真花束','【花艺】七头美丽玫瑰仿真花束','【花艺】七头美丽玫瑰仿真花束【花艺】七头美丽玫瑰仿真花束',104,104,101,3,0,0,'/img/product/7.jpg'),(205,'【花艺】七头美丽玫瑰仿真花束','【花艺】七头美丽玫瑰仿真花束','【花艺】七头美丽玫瑰仿真花束【花艺】七头美丽玫瑰仿真花束',132,132,101,3,0,0,'/img/product/7.jpg'),(206,'【花艺】七头美丽玫瑰仿真花束','【花艺】七头美丽玫瑰仿真花束','【花艺】七头美丽玫瑰仿真花束【花艺】七头美丽玫瑰仿真花束',86,86,101,3,0,0,'/img/product/7.jpg'),(207,'【花艺】七头美丽玫瑰仿真花束','【花艺】七头美丽玫瑰仿真花束','【花艺】七头美丽玫瑰仿真花束【花艺】七头美丽玫瑰仿真花束',145,145,101,3,0,0,'/img/product/7.jpg'),(208,'【花艺】七头美丽玫瑰仿真花束','【花艺】七头美丽玫瑰仿真花束','【花艺】七头美丽玫瑰仿真花束【花艺】七头美丽玫瑰仿真花束',190,190,101,3,0,0,'/img/product/7.jpg'),(209,'【花艺】七头美丽玫瑰仿真花束','【花艺】七头美丽玫瑰仿真花束','【花艺】七头美丽玫瑰仿真花束【花艺】七头美丽玫瑰仿真花束',51,51,101,3,0,0,'/img/product/7.jpg'),(210,'【花艺】七头美丽玫瑰仿真花束','【花艺】七头美丽玫瑰仿真花束','【花艺】七头美丽玫瑰仿真花束【花艺】七头美丽玫瑰仿真花束',172,172,101,3,0,0,'/img/product/7.jpg'),(211,'【花艺】七头美丽玫瑰仿真花束','【花艺】七头美丽玫瑰仿真花束','【花艺】七头美丽玫瑰仿真花束【花艺】七头美丽玫瑰仿真花束',120,120,101,4,0,0,'/img/product/7.jpg'),(212,'【花艺】七头美丽玫瑰仿真花束','【花艺】七头美丽玫瑰仿真花束','【花艺】七头美丽玫瑰仿真花束【花艺】七头美丽玫瑰仿真花束',127,127,101,4,0,0,'/img/product/7.jpg'),(213,'【花艺】七头美丽玫瑰仿真花束','【花艺】七头美丽玫瑰仿真花束','【花艺】七头美丽玫瑰仿真花束【花艺】七头美丽玫瑰仿真花束',136,136,101,4,0,0,'/img/product/7.jpg'),(214,'【花艺】七头美丽玫瑰仿真花束','【花艺】七头美丽玫瑰仿真花束','【花艺】七头美丽玫瑰仿真花束【花艺】七头美丽玫瑰仿真花束',100,100,101,4,0,0,'/img/product/7.jpg'),(215,'【花艺】七头美丽玫瑰仿真花束','【花艺】七头美丽玫瑰仿真花束','【花艺】七头美丽玫瑰仿真花束【花艺】七头美丽玫瑰仿真花束',82,82,101,4,0,0,'/img/product/7.jpg'),(216,'【花艺】七头美丽玫瑰仿真花束','【花艺】七头美丽玫瑰仿真花束','【花艺】七头美丽玫瑰仿真花束【花艺】七头美丽玫瑰仿真花束',65,65,101,4,0,0,'/img/product/7.jpg'),(217,'【花艺】七头美丽玫瑰仿真花束','【花艺】七头美丽玫瑰仿真花束','【花艺】七头美丽玫瑰仿真花束【花艺】七头美丽玫瑰仿真花束',54,54,101,4,0,0,'/img/product/7.jpg'),(218,'【花艺】七头美丽玫瑰仿真花束','【花艺】七头美丽玫瑰仿真花束','【花艺】七头美丽玫瑰仿真花束【花艺】七头美丽玫瑰仿真花束',148,148,101,4,0,0,'/img/product/7.jpg'),(219,'【花艺】七头美丽玫瑰仿真花束','【花艺】七头美丽玫瑰仿真花束','【花艺】七头美丽玫瑰仿真花束【花艺】七头美丽玫瑰仿真花束',74,74,101,4,0,0,'/img/product/7.jpg'),(220,'【花艺】七头美丽玫瑰仿真花束','【花艺】七头美丽玫瑰仿真花束','【花艺】七头美丽玫瑰仿真花束【花艺】七头美丽玫瑰仿真花束',81,81,101,4,0,0,'/img/product/7.jpg'),(221,'【花艺】七头美丽玫瑰仿真花束','【花艺】七头美丽玫瑰仿真花束','【花艺】七头美丽玫瑰仿真花束【花艺】七头美丽玫瑰仿真花束',124,124,101,4,0,0,'/img/product/7.jpg'),(222,'【花艺】七头美丽玫瑰仿真花束','【花艺】七头美丽玫瑰仿真花束','【花艺】七头美丽玫瑰仿真花束【花艺】七头美丽玫瑰仿真花束',130,130,101,4,0,0,'/img/product/7.jpg'),(223,'【花艺】七头美丽玫瑰仿真花束','【花艺】七头美丽玫瑰仿真花束','【花艺】七头美丽玫瑰仿真花束【花艺】七头美丽玫瑰仿真花束',169,169,101,4,0,0,'/img/product/7.jpg'),(224,'【花艺】七头美丽玫瑰仿真花束','【花艺】七头美丽玫瑰仿真花束','【花艺】七头美丽玫瑰仿真花束【花艺】七头美丽玫瑰仿真花束',86,86,101,4,0,0,'/img/product/7.jpg'),(225,'【花艺】七头美丽玫瑰仿真花束','【花艺】七头美丽玫瑰仿真花束','【花艺】七头美丽玫瑰仿真花束【花艺】七头美丽玫瑰仿真花束',115,115,101,4,0,0,'/img/product/7.jpg'),(226,'【花艺】七头美丽玫瑰仿真花束','【花艺】七头美丽玫瑰仿真花束','【花艺】七头美丽玫瑰仿真花束【花艺】七头美丽玫瑰仿真花束',59,59,101,4,0,0,'/img/product/7.jpg'),(227,'【花艺】七头美丽玫瑰仿真花束','【花艺】七头美丽玫瑰仿真花束','【花艺】七头美丽玫瑰仿真花束【花艺】七头美丽玫瑰仿真花束',100,100,101,4,0,0,'/img/product/7.jpg'),(228,'【花艺】七头美丽玫瑰仿真花束','【花艺】七头美丽玫瑰仿真花束','【花艺】七头美丽玫瑰仿真花束【花艺】七头美丽玫瑰仿真花束',176,176,101,4,0,0,'/img/product/7.jpg'),(229,'【花艺】七头美丽玫瑰仿真花束','【花艺】七头美丽玫瑰仿真花束','【花艺】七头美丽玫瑰仿真花束【花艺】七头美丽玫瑰仿真花束',196,196,101,4,0,0,'/img/product/7.jpg'),(230,'【花艺】七头美丽玫瑰仿真花束','【花艺】七头美丽玫瑰仿真花束','【花艺】七头美丽玫瑰仿真花束【花艺】七头美丽玫瑰仿真花束',197,197,101,4,0,0,'/img/product/7.jpg'),(231,'【花艺】七头美丽玫瑰仿真花束','【花艺】七头美丽玫瑰仿真花束','【花艺】七头美丽玫瑰仿真花束【花艺】七头美丽玫瑰仿真花束',175,175,101,4,0,0,'/img/product/7.jpg'),(232,'【花艺】七头美丽玫瑰仿真花束','【花艺】七头美丽玫瑰仿真花束','【花艺】七头美丽玫瑰仿真花束【花艺】七头美丽玫瑰仿真花束',65,65,101,4,0,0,'/img/product/7.jpg'),(233,'【花艺】七头美丽玫瑰仿真花束','【花艺】七头美丽玫瑰仿真花束','【花艺】七头美丽玫瑰仿真花束【花艺】七头美丽玫瑰仿真花束',116,116,101,4,0,0,'/img/product/7.jpg'),(234,'【花艺】七头美丽玫瑰仿真花束','【花艺】七头美丽玫瑰仿真花束','【花艺】七头美丽玫瑰仿真花束【花艺】七头美丽玫瑰仿真花束',120,120,101,4,0,0,'/img/product/7.jpg'),(235,'【花艺】七头美丽玫瑰仿真花束','【花艺】七头美丽玫瑰仿真花束','【花艺】七头美丽玫瑰仿真花束【花艺】七头美丽玫瑰仿真花束',189,189,101,4,0,0,'/img/product/7.jpg'),(236,'【花艺】七头美丽玫瑰仿真花束','【花艺】七头美丽玫瑰仿真花束','【花艺】七头美丽玫瑰仿真花束【花艺】七头美丽玫瑰仿真花束',123,123,101,4,0,0,'/img/product/7.jpg'),(237,'【花艺】七头美丽玫瑰仿真花束','【花艺】七头美丽玫瑰仿真花束','【花艺】七头美丽玫瑰仿真花束【花艺】七头美丽玫瑰仿真花束',184,184,101,4,0,0,'/img/product/7.jpg'),(238,'【花艺】七头美丽玫瑰仿真花束','【花艺】七头美丽玫瑰仿真花束','【花艺】七头美丽玫瑰仿真花束【花艺】七头美丽玫瑰仿真花束',138,138,101,4,0,0,'/img/product/7.jpg'),(239,'【花艺】七头美丽玫瑰仿真花束','【花艺】七头美丽玫瑰仿真花束','【花艺】七头美丽玫瑰仿真花束【花艺】七头美丽玫瑰仿真花束',67,67,101,4,0,0,'/img/product/7.jpg'),(240,'【花艺】七头美丽玫瑰仿真花束','【花艺】七头美丽玫瑰仿真花束','【花艺】七头美丽玫瑰仿真花束【花艺】七头美丽玫瑰仿真花束',189,189,101,4,0,0,'/img/product/7.jpg'),(241,'【花艺】七头美丽玫瑰仿真花束','【花艺】七头美丽玫瑰仿真花束','【花艺】七头美丽玫瑰仿真花束【花艺】七头美丽玫瑰仿真花束',138,138,101,4,0,0,'/img/product/7.jpg'),(242,'【花艺】七头美丽玫瑰仿真花束','【花艺】七头美丽玫瑰仿真花束','【花艺】七头美丽玫瑰仿真花束【花艺】七头美丽玫瑰仿真花束',172,172,101,4,0,0,'/img/product/7.jpg'),(243,'【花艺】七头美丽玫瑰仿真花束','【花艺】七头美丽玫瑰仿真花束','【花艺】七头美丽玫瑰仿真花束【花艺】七头美丽玫瑰仿真花束',87,87,101,4,0,0,'/img/product/7.jpg'),(244,'【花艺】七头美丽玫瑰仿真花束','【花艺】七头美丽玫瑰仿真花束','【花艺】七头美丽玫瑰仿真花束【花艺】七头美丽玫瑰仿真花束',113,113,101,4,0,0,'/img/product/7.jpg'),(245,'【花艺】七头美丽玫瑰仿真花束','【花艺】七头美丽玫瑰仿真花束','【花艺】七头美丽玫瑰仿真花束【花艺】七头美丽玫瑰仿真花束',165,165,101,4,0,0,'/img/product/7.jpg'),(246,'【花艺】七头美丽玫瑰仿真花束','【花艺】七头美丽玫瑰仿真花束','【花艺】七头美丽玫瑰仿真花束【花艺】七头美丽玫瑰仿真花束',176,176,101,4,0,0,'/img/product/7.jpg'),(247,'【花艺】七头美丽玫瑰仿真花束','【花艺】七头美丽玫瑰仿真花束','【花艺】七头美丽玫瑰仿真花束【花艺】七头美丽玫瑰仿真花束',68,68,101,4,0,0,'/img/product/7.jpg'),(248,'【花艺】七头美丽玫瑰仿真花束','【花艺】七头美丽玫瑰仿真花束','【花艺】七头美丽玫瑰仿真花束【花艺】七头美丽玫瑰仿真花束',157,157,101,4,0,0,'/img/product/7.jpg'),(249,'【花艺】七头美丽玫瑰仿真花束','【花艺】七头美丽玫瑰仿真花束','【花艺】七头美丽玫瑰仿真花束【花艺】七头美丽玫瑰仿真花束',131,131,101,4,0,0,'/img/product/7.jpg'),(250,'【花艺】七头美丽玫瑰仿真花束','【花艺】七头美丽玫瑰仿真花束','【花艺】七头美丽玫瑰仿真花束【花艺】七头美丽玫瑰仿真花束',170,170,101,4,0,0,'/img/product/7.jpg'),(251,'【花艺】七头美丽玫瑰仿真花束','【花艺】七头美丽玫瑰仿真花束','【花艺】七头美丽玫瑰仿真花束【花艺】七头美丽玫瑰仿真花束',116,116,101,5,0,0,'/img/product/7.jpg'),(252,'【花艺】七头美丽玫瑰仿真花束','【花艺】七头美丽玫瑰仿真花束','【花艺】七头美丽玫瑰仿真花束【花艺】七头美丽玫瑰仿真花束',69,69,101,5,0,0,'/img/product/7.jpg'),(253,'【花艺】七头美丽玫瑰仿真花束','【花艺】七头美丽玫瑰仿真花束','【花艺】七头美丽玫瑰仿真花束【花艺】七头美丽玫瑰仿真花束',125,125,101,5,0,0,'/img/product/7.jpg'),(254,'【花艺】七头美丽玫瑰仿真花束','【花艺】七头美丽玫瑰仿真花束','【花艺】七头美丽玫瑰仿真花束【花艺】七头美丽玫瑰仿真花束',101,101,101,5,0,0,'/img/product/7.jpg'),(255,'【花艺】七头美丽玫瑰仿真花束','【花艺】七头美丽玫瑰仿真花束','【花艺】七头美丽玫瑰仿真花束【花艺】七头美丽玫瑰仿真花束',194,194,101,5,0,0,'/img/product/7.jpg'),(256,'【花艺】七头美丽玫瑰仿真花束','【花艺】七头美丽玫瑰仿真花束','【花艺】七头美丽玫瑰仿真花束【花艺】七头美丽玫瑰仿真花束',77,77,101,5,0,0,'/img/product/7.jpg'),(257,'【花艺】七头美丽玫瑰仿真花束','【花艺】七头美丽玫瑰仿真花束','【花艺】七头美丽玫瑰仿真花束【花艺】七头美丽玫瑰仿真花束',181,181,101,5,0,0,'/img/product/7.jpg'),(258,'【花艺】七头美丽玫瑰仿真花束','【花艺】七头美丽玫瑰仿真花束','【花艺】七头美丽玫瑰仿真花束【花艺】七头美丽玫瑰仿真花束',190,190,101,5,0,0,'/img/product/7.jpg'),(259,'【花艺】七头美丽玫瑰仿真花束','【花艺】七头美丽玫瑰仿真花束','【花艺】七头美丽玫瑰仿真花束【花艺】七头美丽玫瑰仿真花束',189,189,101,5,0,0,'/img/product/7.jpg'),(260,'【花艺】七头美丽玫瑰仿真花束','【花艺】七头美丽玫瑰仿真花束','【花艺】七头美丽玫瑰仿真花束【花艺】七头美丽玫瑰仿真花束',87,87,101,5,0,0,'/img/product/7.jpg'),(261,'【花艺】七头美丽玫瑰仿真花束','【花艺】七头美丽玫瑰仿真花束','【花艺】七头美丽玫瑰仿真花束【花艺】七头美丽玫瑰仿真花束',106,106,101,5,0,0,'/img/product/7.jpg'),(262,'【花艺】七头美丽玫瑰仿真花束','【花艺】七头美丽玫瑰仿真花束','【花艺】七头美丽玫瑰仿真花束【花艺】七头美丽玫瑰仿真花束',194,194,101,5,0,0,'/img/product/7.jpg'),(263,'【花艺】七头美丽玫瑰仿真花束','【花艺】七头美丽玫瑰仿真花束','【花艺】七头美丽玫瑰仿真花束【花艺】七头美丽玫瑰仿真花束',183,183,101,5,0,0,'/img/product/7.jpg'),(264,'【花艺】七头美丽玫瑰仿真花束','【花艺】七头美丽玫瑰仿真花束','【花艺】七头美丽玫瑰仿真花束【花艺】七头美丽玫瑰仿真花束',85,85,101,5,0,0,'/img/product/7.jpg'),(265,'【花艺】七头美丽玫瑰仿真花束','【花艺】七头美丽玫瑰仿真花束','【花艺】七头美丽玫瑰仿真花束【花艺】七头美丽玫瑰仿真花束',125,125,101,5,0,0,'/img/product/7.jpg'),(266,'【花艺】七头美丽玫瑰仿真花束','【花艺】七头美丽玫瑰仿真花束','【花艺】七头美丽玫瑰仿真花束【花艺】七头美丽玫瑰仿真花束',121,121,101,5,0,0,'/img/product/7.jpg'),(267,'【花艺】七头美丽玫瑰仿真花束','【花艺】七头美丽玫瑰仿真花束','【花艺】七头美丽玫瑰仿真花束【花艺】七头美丽玫瑰仿真花束',133,133,101,5,0,0,'/img/product/7.jpg'),(268,'【花艺】七头美丽玫瑰仿真花束','【花艺】七头美丽玫瑰仿真花束','【花艺】七头美丽玫瑰仿真花束【花艺】七头美丽玫瑰仿真花束',90,90,101,5,0,0,'/img/product/7.jpg'),(269,'【花艺】七头美丽玫瑰仿真花束','【花艺】七头美丽玫瑰仿真花束','【花艺】七头美丽玫瑰仿真花束【花艺】七头美丽玫瑰仿真花束',67,67,101,5,0,0,'/img/product/7.jpg'),(270,'【花艺】七头美丽玫瑰仿真花束','【花艺】七头美丽玫瑰仿真花束','【花艺】七头美丽玫瑰仿真花束【花艺】七头美丽玫瑰仿真花束',168,168,101,5,0,0,'/img/product/7.jpg'),(271,'【花艺】七头美丽玫瑰仿真花束','【花艺】七头美丽玫瑰仿真花束','【花艺】七头美丽玫瑰仿真花束【花艺】七头美丽玫瑰仿真花束',51,51,101,5,0,0,'/img/product/7.jpg'),(272,'【花艺】七头美丽玫瑰仿真花束','【花艺】七头美丽玫瑰仿真花束','【花艺】七头美丽玫瑰仿真花束【花艺】七头美丽玫瑰仿真花束',51,51,101,5,0,0,'/img/product/7.jpg'),(273,'【花艺】七头美丽玫瑰仿真花束','【花艺】七头美丽玫瑰仿真花束','【花艺】七头美丽玫瑰仿真花束【花艺】七头美丽玫瑰仿真花束',59,59,101,5,0,0,'/img/product/7.jpg'),(274,'【花艺】七头美丽玫瑰仿真花束','【花艺】七头美丽玫瑰仿真花束','【花艺】七头美丽玫瑰仿真花束【花艺】七头美丽玫瑰仿真花束',80,80,101,5,0,0,'/img/product/7.jpg'),(275,'【花艺】七头美丽玫瑰仿真花束','【花艺】七头美丽玫瑰仿真花束','【花艺】七头美丽玫瑰仿真花束【花艺】七头美丽玫瑰仿真花束',87,87,101,5,0,0,'/img/product/7.jpg'),(276,'【花艺】七头美丽玫瑰仿真花束','【花艺】七头美丽玫瑰仿真花束','【花艺】七头美丽玫瑰仿真花束【花艺】七头美丽玫瑰仿真花束',181,181,101,5,0,0,'/img/product/7.jpg'),(277,'【花艺】七头美丽玫瑰仿真花束','【花艺】七头美丽玫瑰仿真花束','【花艺】七头美丽玫瑰仿真花束【花艺】七头美丽玫瑰仿真花束',117,117,101,5,0,0,'/img/product/7.jpg'),(278,'【花艺】七头美丽玫瑰仿真花束','【花艺】七头美丽玫瑰仿真花束','【花艺】七头美丽玫瑰仿真花束【花艺】七头美丽玫瑰仿真花束',152,152,101,5,0,0,'/img/product/7.jpg'),(279,'【花艺】七头美丽玫瑰仿真花束','【花艺】七头美丽玫瑰仿真花束','【花艺】七头美丽玫瑰仿真花束【花艺】七头美丽玫瑰仿真花束',187,187,101,5,0,0,'/img/product/7.jpg'),(280,'【花艺】七头美丽玫瑰仿真花束','【花艺】七头美丽玫瑰仿真花束','【花艺】七头美丽玫瑰仿真花束【花艺】七头美丽玫瑰仿真花束',91,91,101,5,0,0,'/img/product/7.jpg'),(281,'【花艺】七头美丽玫瑰仿真花束','【花艺】七头美丽玫瑰仿真花束','【花艺】七头美丽玫瑰仿真花束【花艺】七头美丽玫瑰仿真花束',50,50,101,5,0,0,'/img/product/7.jpg'),(282,'【花艺】七头美丽玫瑰仿真花束','【花艺】七头美丽玫瑰仿真花束','【花艺】七头美丽玫瑰仿真花束【花艺】七头美丽玫瑰仿真花束',126,126,101,5,0,0,'/img/product/7.jpg'),(283,'【花艺】七头美丽玫瑰仿真花束','【花艺】七头美丽玫瑰仿真花束','【花艺】七头美丽玫瑰仿真花束【花艺】七头美丽玫瑰仿真花束',158,158,101,5,0,0,'/img/product/7.jpg'),(284,'【花艺】七头美丽玫瑰仿真花束','【花艺】七头美丽玫瑰仿真花束','【花艺】七头美丽玫瑰仿真花束【花艺】七头美丽玫瑰仿真花束',73,73,101,5,0,0,'/img/product/7.jpg'),(285,'【花艺】七头美丽玫瑰仿真花束','【花艺】七头美丽玫瑰仿真花束','【花艺】七头美丽玫瑰仿真花束【花艺】七头美丽玫瑰仿真花束',119,119,101,5,0,0,'/img/product/7.jpg'),(286,'【花艺】七头美丽玫瑰仿真花束','【花艺】七头美丽玫瑰仿真花束','【花艺】七头美丽玫瑰仿真花束【花艺】七头美丽玫瑰仿真花束',111,111,101,5,0,0,'/img/product/7.jpg'),(287,'【花艺】七头美丽玫瑰仿真花束','【花艺】七头美丽玫瑰仿真花束','【花艺】七头美丽玫瑰仿真花束【花艺】七头美丽玫瑰仿真花束',137,137,101,5,0,0,'/img/product/7.jpg'),(288,'【花艺】七头美丽玫瑰仿真花束','【花艺】七头美丽玫瑰仿真花束','【花艺】七头美丽玫瑰仿真花束【花艺】七头美丽玫瑰仿真花束',117,117,101,5,0,0,'/img/product/7.jpg'),(289,'【花艺】七头美丽玫瑰仿真花束','【花艺】七头美丽玫瑰仿真花束','【花艺】七头美丽玫瑰仿真花束【花艺】七头美丽玫瑰仿真花束',93,93,101,5,0,0,'/img/product/7.jpg'),(290,'【花艺】七头美丽玫瑰仿真花束','【花艺】七头美丽玫瑰仿真花束','【花艺】七头美丽玫瑰仿真花束【花艺】七头美丽玫瑰仿真花束',122,122,101,5,0,0,'/img/product/7.jpg'),(291,'【花艺】七头美丽玫瑰仿真花束','【花艺】七头美丽玫瑰仿真花束','【花艺】七头美丽玫瑰仿真花束【花艺】七头美丽玫瑰仿真花束',139,139,101,1,0,0,'/img/product/7.jpg'),(292,'【花艺】七头美丽玫瑰仿真花束','【花艺】七头美丽玫瑰仿真花束','【花艺】七头美丽玫瑰仿真花束【花艺】七头美丽玫瑰仿真花束',54,54,101,1,0,1,'/img/product/7.jpg'),(293,'【花艺】七头美丽玫瑰仿真花束','【花艺】七头美丽玫瑰仿真花束','【花艺】七头美丽玫瑰仿真花束【花艺】七头美丽玫瑰仿真花束',70,70,101,1,0,0,'/img/product/7.jpg'),(294,'【花艺】七头美丽玫瑰仿真花束','【花艺】七头美丽玫瑰仿真花束','【花艺】七头美丽玫瑰仿真花束【花艺】七头美丽玫瑰仿真花束',108,108,101,1,0,1,'/img/product/7.jpg'),(295,'【花艺】七头美丽玫瑰仿真花束','【花艺】七头美丽玫瑰仿真花束','【花艺】七头美丽玫瑰仿真花束【花艺】七头美丽玫瑰仿真花束',75,75,101,1,0,0,'/img/product/7.jpg'),(296,'【花艺】七头美丽玫瑰仿真花束','【花艺】七头美丽玫瑰仿真花束','【花艺】七头美丽玫瑰仿真花束【花艺】七头美丽玫瑰仿真花束',155,155,101,1,0,0,'/img/product/7.jpg'),(297,'【花艺】七头美丽玫瑰仿真花束','【花艺】七头美丽玫瑰仿真花束','【花艺】七头美丽玫瑰仿真花束【花艺】七头美丽玫瑰仿真花束',183,183,101,1,0,1,'/img/product/7.jpg'),(298,'【花艺】七头美丽玫瑰仿真花束','【花艺】七头美丽玫瑰仿真花束','【花艺】七头美丽玫瑰仿真花束【花艺】七头美丽玫瑰仿真花束',125,125,101,1,0,0,'/img/product/7.jpg'),(299,'【花艺】七头美丽玫瑰仿真花束','【花艺】七头美丽玫瑰仿真花束','【花艺】七头美丽玫瑰仿真花束【花艺】七头美丽玫瑰仿真花束',132,132,101,1,0,0,'/img/product/7.jpg'),(300,'【花艺】七头美丽玫瑰仿真花束','【花艺】七头美丽玫瑰仿真花束','【花艺】七头美丽玫瑰仿真花束【花艺】七头美丽玫瑰仿真花束',186,186,101,1,0,0,'/img/product/7.jpg'),(301,'【花艺】七头美丽玫瑰仿真花束','【花艺】七头美丽玫瑰仿真花束','【花艺】七头美丽玫瑰仿真花束【花艺】七头美丽玫瑰仿真花束',104,104,101,1,0,0,'/img/product/7.jpg'),(302,'【花艺】七头美丽玫瑰仿真花束','【花艺】七头美丽玫瑰仿真花束','【花艺】七头美丽玫瑰仿真花束【花艺】七头美丽玫瑰仿真花束',160,160,101,1,0,0,'/img/product/7.jpg'),(303,'【花艺】七头美丽玫瑰仿真花束','【花艺】七头美丽玫瑰仿真花束','【花艺】七头美丽玫瑰仿真花束【花艺】七头美丽玫瑰仿真花束',149,149,101,1,0,0,'/img/product/7.jpg'),(304,'【花艺】七头美丽玫瑰仿真花束','【花艺】七头美丽玫瑰仿真花束','【花艺】七头美丽玫瑰仿真花束【花艺】七头美丽玫瑰仿真花束',194,194,101,1,0,0,'/img/product/7.jpg'),(305,'【花艺】七头美丽玫瑰仿真花束','【花艺】七头美丽玫瑰仿真花束','【花艺】七头美丽玫瑰仿真花束【花艺】七头美丽玫瑰仿真花束',97,97,101,1,0,0,'/img/product/7.jpg'),(306,'【花艺】七头美丽玫瑰仿真花束','【花艺】七头美丽玫瑰仿真花束','【花艺】七头美丽玫瑰仿真花束【花艺】七头美丽玫瑰仿真花束',97,97,101,1,0,0,'/img/product/7.jpg'),(307,'【花艺】七头美丽玫瑰仿真花束','【花艺】七头美丽玫瑰仿真花束','【花艺】七头美丽玫瑰仿真花束【花艺】七头美丽玫瑰仿真花束',71,71,101,1,0,0,'/img/product/7.jpg'),(308,'【花艺】七头美丽玫瑰仿真花束','【花艺】七头美丽玫瑰仿真花束','【花艺】七头美丽玫瑰仿真花束【花艺】七头美丽玫瑰仿真花束',178,178,101,1,0,0,'/img/product/7.jpg'),(309,'【花艺】七头美丽玫瑰仿真花束','【花艺】七头美丽玫瑰仿真花束','【花艺】七头美丽玫瑰仿真花束【花艺】七头美丽玫瑰仿真花束',195,195,101,1,0,0,'/img/product/7.jpg'),(310,'【花艺】七头美丽玫瑰仿真花束','【花艺】七头美丽玫瑰仿真花束','【花艺】七头美丽玫瑰仿真花束【花艺】七头美丽玫瑰仿真花束',156,156,101,1,0,0,'/img/product/7.jpg'),(311,'【花艺】七头美丽玫瑰仿真花束','【花艺】七头美丽玫瑰仿真花束','【花艺】七头美丽玫瑰仿真花束【花艺】七头美丽玫瑰仿真花束',174,174,101,1,0,0,'/img/product/7.jpg'),(312,'【花艺】七头美丽玫瑰仿真花束','【花艺】七头美丽玫瑰仿真花束','【花艺】七头美丽玫瑰仿真花束【花艺】七头美丽玫瑰仿真花束',103,103,101,1,0,0,'/img/product/7.jpg'),(313,'【花艺】七头美丽玫瑰仿真花束','【花艺】七头美丽玫瑰仿真花束','【花艺】七头美丽玫瑰仿真花束【花艺】七头美丽玫瑰仿真花束',97,97,101,1,0,0,'/img/product/7.jpg'),(314,'【花艺】七头美丽玫瑰仿真花束','【花艺】七头美丽玫瑰仿真花束','【花艺】七头美丽玫瑰仿真花束【花艺】七头美丽玫瑰仿真花束',166,166,101,1,0,0,'/img/product/7.jpg'),(315,'【花艺】七头美丽玫瑰仿真花束','【花艺】七头美丽玫瑰仿真花束','【花艺】七头美丽玫瑰仿真花束【花艺】七头美丽玫瑰仿真花束',179,179,101,1,0,0,'/img/product/7.jpg'),(316,'【花艺】七头美丽玫瑰仿真花束','【花艺】七头美丽玫瑰仿真花束','【花艺】七头美丽玫瑰仿真花束【花艺】七头美丽玫瑰仿真花束',114,114,101,1,0,0,'/img/product/7.jpg'),(317,'【花艺】七头美丽玫瑰仿真花束','【花艺】七头美丽玫瑰仿真花束','【花艺】七头美丽玫瑰仿真花束【花艺】七头美丽玫瑰仿真花束',118,118,101,1,0,0,'/img/product/7.jpg'),(318,'【花艺】七头美丽玫瑰仿真花束','【花艺】七头美丽玫瑰仿真花束','【花艺】七头美丽玫瑰仿真花束【花艺】七头美丽玫瑰仿真花束',158,158,101,1,0,0,'/img/product/7.jpg'),(319,'【花艺】七头美丽玫瑰仿真花束','【花艺】七头美丽玫瑰仿真花束','【花艺】七头美丽玫瑰仿真花束【花艺】七头美丽玫瑰仿真花束',148,148,101,1,0,0,'/img/product/7.jpg'),(320,'【花艺】七头美丽玫瑰仿真花束','【花艺】七头美丽玫瑰仿真花束','【花艺】七头美丽玫瑰仿真花束【花艺】七头美丽玫瑰仿真花束',191,191,101,1,0,0,'/img/product/7.jpg'),(321,'【花艺】七头美丽玫瑰仿真花束','【花艺】七头美丽玫瑰仿真花束','【花艺】七头美丽玫瑰仿真花束【花艺】七头美丽玫瑰仿真花束',51,51,101,1,0,0,'/img/product/7.jpg'),(322,'【花艺】七头美丽玫瑰仿真花束','【花艺】七头美丽玫瑰仿真花束','【花艺】七头美丽玫瑰仿真花束【花艺】七头美丽玫瑰仿真花束',161,161,101,1,0,0,'/img/product/7.jpg'),(323,'【花艺】七头美丽玫瑰仿真花束','【花艺】七头美丽玫瑰仿真花束','【花艺】七头美丽玫瑰仿真花束【花艺】七头美丽玫瑰仿真花束',50,50,101,1,0,0,'/img/product/7.jpg'),(324,'【花艺】七头美丽玫瑰仿真花束','【花艺】七头美丽玫瑰仿真花束','【花艺】七头美丽玫瑰仿真花束【花艺】七头美丽玫瑰仿真花束',100,100,101,1,0,0,'/img/product/7.jpg'),(325,'【花艺】七头美丽玫瑰仿真花束','【花艺】七头美丽玫瑰仿真花束','【花艺】七头美丽玫瑰仿真花束【花艺】七头美丽玫瑰仿真花束',109,109,101,1,0,0,'/img/product/7.jpg'),(326,'【花艺】七头美丽玫瑰仿真花束','【花艺】七头美丽玫瑰仿真花束','【花艺】七头美丽玫瑰仿真花束【花艺】七头美丽玫瑰仿真花束',126,126,101,1,0,0,'/img/product/7.jpg'),(327,'【花艺】七头美丽玫瑰仿真花束','【花艺】七头美丽玫瑰仿真花束','【花艺】七头美丽玫瑰仿真花束【花艺】七头美丽玫瑰仿真花束',64,64,101,1,0,0,'/img/product/7.jpg'),(328,'【花艺】七头美丽玫瑰仿真花束','【花艺】七头美丽玫瑰仿真花束','【花艺】七头美丽玫瑰仿真花束【花艺】七头美丽玫瑰仿真花束',90,90,101,1,0,0,'/img/product/7.jpg'),(329,'【花艺】七头美丽玫瑰仿真花束','【花艺】七头美丽玫瑰仿真花束','【花艺】七头美丽玫瑰仿真花束【花艺】七头美丽玫瑰仿真花束',81,81,101,1,0,0,'/img/product/7.jpg'),(330,'【花艺】七头美丽玫瑰仿真花束','【花艺】七头美丽玫瑰仿真花束','【花艺】七头美丽玫瑰仿真花束【花艺】七头美丽玫瑰仿真花束',145,145,101,1,0,0,'/img/product/7.jpg'),(331,'【花艺】七头美丽玫瑰仿真花束','【花艺】七头美丽玫瑰仿真花束','【花艺】七头美丽玫瑰仿真花束【花艺】七头美丽玫瑰仿真花束',74,74,101,1,0,0,'/img/product/7.jpg'),(332,'【花艺】七头美丽玫瑰仿真花束','【花艺】七头美丽玫瑰仿真花束','【花艺】七头美丽玫瑰仿真花束【花艺】七头美丽玫瑰仿真花束',100,100,101,1,0,0,'/img/product/7.jpg'),(333,'【花艺】七头美丽玫瑰仿真花束','【花艺】七头美丽玫瑰仿真花束','【花艺】七头美丽玫瑰仿真花束【花艺】七头美丽玫瑰仿真花束',193,193,101,1,0,0,'/img/product/7.jpg'),(334,'【花艺】七头美丽玫瑰仿真花束','【花艺】七头美丽玫瑰仿真花束','【花艺】七头美丽玫瑰仿真花束【花艺】七头美丽玫瑰仿真花束',73,73,101,1,0,0,'/img/product/7.jpg'),(335,'【花艺】七头美丽玫瑰仿真花束','【花艺】七头美丽玫瑰仿真花束','【花艺】七头美丽玫瑰仿真花束【花艺】七头美丽玫瑰仿真花束',105,105,101,1,0,0,'/img/product/7.jpg'),(336,'【花艺】七头美丽玫瑰仿真花束','【花艺】七头美丽玫瑰仿真花束','【花艺】七头美丽玫瑰仿真花束【花艺】七头美丽玫瑰仿真花束',144,144,101,1,0,0,'/img/product/7.jpg'),(337,'【花艺】七头美丽玫瑰仿真花束','【花艺】七头美丽玫瑰仿真花束','【花艺】七头美丽玫瑰仿真花束【花艺】七头美丽玫瑰仿真花束',149,149,101,1,0,0,'/img/product/7.jpg'),(338,'【花艺】七头美丽玫瑰仿真花束','【花艺】七头美丽玫瑰仿真花束','【花艺】七头美丽玫瑰仿真花束【花艺】七头美丽玫瑰仿真花束',196,196,101,1,0,0,'/img/product/7.jpg'),(339,'【花艺】七头美丽玫瑰仿真花束','【花艺】七头美丽玫瑰仿真花束','【花艺】七头美丽玫瑰仿真花束【花艺】七头美丽玫瑰仿真花束',140,140,101,1,0,0,'/img/product/7.jpg'),(340,'【花艺】七头美丽玫瑰仿真花束','【花艺】七头美丽玫瑰仿真花束','【花艺】七头美丽玫瑰仿真花束【花艺】七头美丽玫瑰仿真花束',156,156,101,1,0,0,'/img/product/7.jpg'),(341,'【花艺】七头美丽玫瑰仿真花束','【花艺】七头美丽玫瑰仿真花束','【花艺】七头美丽玫瑰仿真花束【花艺】七头美丽玫瑰仿真花束',59,59,101,1,0,0,'/img/product/7.jpg'),(342,'【花艺】七头美丽玫瑰仿真花束','【花艺】七头美丽玫瑰仿真花束','【花艺】七头美丽玫瑰仿真花束【花艺】七头美丽玫瑰仿真花束',166,166,101,1,0,0,'/img/product/7.jpg');
/*!40000 ALTER TABLE `beauty_product` ENABLE KEYS */;
UNLOCK TABLES;

--
-- Table structure for table `beauty_product_class`
--

DROP TABLE IF EXISTS `beauty_product_class`;
/*!40101 SET @saved_cs_client     = @@character_set_client */;
/*!40101 SET character_set_client = utf8 */;
CREATE TABLE `beauty_product_class` (
  `cid` int(11) NOT NULL AUTO_INCREMENT,
  `pid` int(11) NOT NULL,
  `pname` varchar(50) NOT NULL,
  `status` int(11) DEFAULT NULL,
  `sort` int(11) DEFAULT NULL,
  `createtime` datetime DEFAULT NULL,
  PRIMARY KEY (`cid`)
) ENGINE=InnoDB AUTO_INCREMENT=6 DEFAULT CHARSET=utf8;
/*!40101 SET character_set_client = @saved_cs_client */;

--
-- Dumping data for table `beauty_product_class`
--

LOCK TABLES `beauty_product_class` WRITE;
/*!40000 ALTER TABLE `beauty_product_class` DISABLE KEYS */;
INSERT INTO `beauty_product_class` VALUES (1,0,'装饰摆件',0,1,'2019-07-21 17:55:14'),(2,0,'布艺软饰',0,2,'2019-07-27 15:16:18'),(3,0,'墙饰壁挂',0,3,'2019-07-27 15:16:32'),(4,0,'蜡艺香薰',0,4,'2019-07-27 15:16:42'),(5,0,'创意家居',0,5,'2019-07-27 15:16:56');
/*!40000 ALTER TABLE `beauty_product_class` ENABLE KEYS */;
UNLOCK TABLES;

--
-- Table structure for table `beauty_product_imgs`
--

DROP TABLE IF EXISTS `beauty_product_imgs`;
/*!40101 SET @saved_cs_client     = @@character_set_client */;
/*!40101 SET character_set_client = utf8 */;
CREATE TABLE `beauty_product_imgs` (
  `id` int(11) NOT NULL AUTO_INCREMENT,
  `imgurl` varchar(255) NOT NULL,
  `pid` int(11) NOT NULL,
  `createtime` datetime DEFAULT NULL,
  `isdefault` int(2) DEFAULT NULL,
  `pcount` int(11) DEFAULT '0',
  PRIMARY KEY (`id`)
) ENGINE=InnoDB AUTO_INCREMENT=19 DEFAULT CHARSET=utf8;
/*!40101 SET character_set_client = @saved_cs_client */;

--
-- Dumping data for table `beauty_product_imgs`
--

LOCK TABLES `beauty_product_imgs` WRITE;
/*!40000 ALTER TABLE `beauty_product_imgs` DISABLE KEYS */;
INSERT INTO `beauty_product_imgs` VALUES (1,'/img/product/1.jpg',1,'2019-07-21 18:06:47',1,100),(2,'/img/product/2.jpg',1,'2019-07-21 18:07:03',0,10),(3,'/img/product/3.jpg',1,'2019-07-21 18:07:16',0,1000),(4,'/img/product/1.jpg',2,'2019-07-21 18:06:47',1,100),(5,'/img/product/2.jpg',2,'2019-07-21 18:07:03',0,1002),(6,'/img/product/3.jpg',2,'2019-07-21 18:07:16',0,100),(7,'/img/product/1.jpg',3,'2019-07-21 18:06:47',1,100),(8,'/img/product/2.jpg',3,'2019-07-21 18:07:03',0,100),(9,'/img/product/3.jpg',3,'2019-07-21 18:07:16',0,100),(10,'/img/product/1.jpg',4,'2019-07-21 18:06:47',1,100),(11,'/img/product/2.jpg',4,'2019-07-21 18:07:03',0,100),(12,'/img/product/3.jpg',4,'2019-07-21 18:07:16',0,100),(13,'/img/product/1.jpg',5,'2019-07-21 18:06:47',1,100),(14,'/img/product/2.jpg',5,'2019-07-21 18:07:03',0,100),(15,'/img/product/3.jpg',5,'2019-07-21 18:07:16',0,100),(16,'/img/product/1.jpg',6,'2019-07-21 18:06:47',1,100),(17,'/img/product/2.jpg',6,'2019-07-21 18:07:03',0,100),(18,'/img/product/3.jpg',6,'2019-07-21 18:07:16',0,100);
/*!40000 ALTER TABLE `beauty_product_imgs` ENABLE KEYS */;
UNLOCK TABLES;

--
-- Table structure for table `beauty_shopping`
--

DROP TABLE IF EXISTS `beauty_shopping`;
/*!40101 SET @saved_cs_client     = @@character_set_client */;
/*!40101 SET character_set_client = utf8 */;
CREATE TABLE `beauty_shopping` (
  `uid` int(11) NOT NULL AUTO_INCREMENT,
  `pid` int(11) NOT NULL,
  `userid` int(11) DEFAULT NULL,
  `count` int(11) NOT NULL,
  `amount` decimal(10,0) NOT NULL,
  `createtime` datetime NOT NULL,
  `status` int(11) NOT NULL,
  PRIMARY KEY (`uid`),
  KEY `pid` (`pid`),
  KEY `userid` (`userid`),
  CONSTRAINT `beauty_shopping_ibfk_1` FOREIGN KEY (`pid`) REFERENCES `beauty_product_class` (`cid`),
  CONSTRAINT `beauty_shopping_ibfk_2` FOREIGN KEY (`userid`) REFERENCES `beauty_user` (`uid`)
) ENGINE=InnoDB AUTO_INCREMENT=6 DEFAULT CHARSET=utf8;
/*!40101 SET character_set_client = @saved_cs_client */;

--
-- Dumping data for table `beauty_shopping`
--

LOCK TABLES `beauty_shopping` WRITE;
/*!40000 ALTER TABLE `beauty_shopping` DISABLE KEYS */;
INSERT INTO `beauty_shopping` VALUES (1,1,1,2,100,'2019-07-27 18:30:01',0),(2,2,1,4,300,'2019-07-27 18:30:14',0),(3,3,1,1,100,'2019-07-27 18:30:23',0),(4,4,1,1,100,'2019-07-27 18:30:30',0),(5,5,1,1,100,'2019-07-27 18:30:36',0);
/*!40000 ALTER TABLE `beauty_shopping` ENABLE KEYS */;
UNLOCK TABLES;

--
-- Table structure for table `beauty_user`
--

DROP TABLE IF EXISTS `beauty_user`;
/*!40101 SET @saved_cs_client     = @@character_set_client */;
/*!40101 SET character_set_client = utf8 */;
CREATE TABLE `beauty_user` (
  `uid` int(11) NOT NULL AUTO_INCREMENT,
  `username` varchar(50) NOT NULL,
  `userpwd` varchar(50) NOT NULL,
  `gender` int(11) DEFAULT NULL,
  `user_head` varchar(128) DEFAULT NULL,
  `phone` varchar(11) DEFAULT NULL,
  `createtime` datetime DEFAULT NULL,
  `status` int(11) DEFAULT NULL,
  `logincount` int(11) DEFAULT NULL,
  PRIMARY KEY (`uid`)
) ENGINE=InnoDB AUTO_INCREMENT=25 DEFAULT CHARSET=utf8;
/*!40101 SET character_set_client = @saved_cs_client */;

--
-- Dumping data for table `beauty_user`
--

LOCK TABLES `beauty_user` WRITE;
/*!40000 ALTER TABLE `beauty_user` DISABLE KEYS */;
INSERT INTO `beauty_user` VALUES (1,'xingxing','111111',1,'/img/tx.png','15110038923','2019-07-21 00:00:00',0,0),(2,'tingting','111111',1,'/img/tx.png','15110038923','2019-07-27 17:31:40',0,0),(3,'tingting','111111',1,'/img/headers.jpg','15110038923','2019-07-27 17:31:41',0,0),(4,'tingting','111111',1,'/img/headers.jpg','15110038923','2019-07-27 17:31:42',0,0),(5,'tingting','111111',1,'/img/headers.jpg','15110038923','2019-07-27 17:31:42',0,0),(6,'tingting','111111',1,'/img/headers.jpg','15110038923','2019-07-27 17:31:43',0,0),(7,'tingting','111111',1,'/img/headers.jpg','15110038923','2019-07-27 17:31:43',0,0),(8,'tingting','111111',1,'/img/headers.jpg','15110038923','2019-07-27 17:31:43',0,0),(9,'tingting','111111',1,'/img/headers.jpg','15110038923','2019-07-27 17:31:43',0,0),(10,'tingting','111111',1,'/img/headers.jpg','15110038923','2019-07-27 17:31:43',0,0),(11,'tingting','111111',1,'/img/headers.jpg','15110038923','2019-07-27 17:31:43',0,0),(12,'tingting','111111',1,'/img/headers.jpg','15110038923','2019-07-27 17:31:44',0,0),(13,'tingting','111111',1,'/img/headers.jpg','15110038923','2019-07-27 17:31:44',0,0),(14,'tingting','111111',1,'/img/headers.jpg','15110038923','2019-07-27 17:31:44',0,0),(15,'tingting','111111',1,'/img/headers.jpg','15110038923','2019-07-27 17:31:44',0,0),(16,'tingting','111111',1,'/img/headers.jpg','15110038923','2019-07-27 17:31:44',0,0),(17,'tingting','111111',1,'/img/headers.jpg','15110038923','2019-07-27 17:31:44',0,0),(18,'tingting','111111',1,'/img/headers.jpg','15110038923','2019-07-27 17:31:45',0,0),(19,'tingting','111111',1,'/img/headers.jpg','15110038923','2019-07-27 17:31:45',0,0),(20,'tingting','111111',1,'/img/headers.jpg','15110038923','2019-07-27 17:31:45',0,0),(21,'tingting','111111',1,'/img/headers.jpg','15110038923','2019-07-27 17:31:45',0,0),(22,'tingting','111111',1,'/img/headers.jpg','15110038923','2019-07-27 17:31:45',0,0),(23,'tingting','111111',1,'/img/headers.jpg','15110038923','2019-07-27 17:31:46',0,0),(24,'tingting','111111',1,'/img/headers.jpg','15110038923','2019-07-27 17:31:46',0,0);
/*!40000 ALTER TABLE `beauty_user` ENABLE KEYS */;
UNLOCK TABLES;

--
-- Table structure for table `beayty_appraise`
--

DROP TABLE IF EXISTS `beayty_appraise`;
/*!40101 SET @saved_cs_client     = @@character_set_client */;
/*!40101 SET character_set_client = utf8 */;
CREATE TABLE `beayty_appraise` (
  `aid` int(11) NOT NULL AUTO_INCREMENT,
  `pid` int(11) NOT NULL,
  `uid` int(11) NOT NULL,
  `p_img` varchar(255) DEFAULT NULL COMMENT '多个图片用逗号隔开',
  `s_content` varchar(255) NOT NULL COMMENT '评价内容',
  `s_time` datetime NOT NULL DEFAULT CURRENT_TIMESTAMP,
  PRIMARY KEY (`aid`),
  KEY `shop_id_app_id` (`pid`),
  KEY `user_id_app_id` (`uid`),
  CONSTRAINT `shop_id_app_id` FOREIGN KEY (`pid`) REFERENCES `beauty_product` (`pr_id`),
  CONSTRAINT `user_id_app_id` FOREIGN KEY (`uid`) REFERENCES `beauty_user` (`uid`)
) ENGINE=InnoDB AUTO_INCREMENT=11 DEFAULT CHARSET=utf8;
/*!40101 SET character_set_client = @saved_cs_client */;

--
-- Dumping data for table `beayty_appraise`
--

LOCK TABLES `beayty_appraise` WRITE;
/*!40000 ALTER TABLE `beayty_appraise` DISABLE KEYS */;
INSERT INTO `beayty_appraise` VALUES (1,1,1,'/img/ref/1.png,/img/ref/2.png,/img/ref/3.png','特别好，特别好，特别好，特别好，特别好，特别好，','2019-07-27 17:33:46'),(2,1,3,'/img/ref/1.png,/img/ref/2.png,/img/ref/3.png','特别好，特别好，特别好，特别好，特别好，特别好，','2019-07-27 17:34:07'),(3,1,2,'/img/ref/1.png,/img/ref/2.png,/img/ref/3.png','特别好，特别好，特别好，特别好，特别好，特别好，','2019-07-27 17:34:13'),(4,1,4,'/img/ref/1.png,/img/ref/2.png,/img/ref/3.png','特别好，特别好特别好，特别好，特别好，','2019-07-27 17:34:27'),(5,1,5,'/img/ref/1.png,/img/ref/2.png,/img/ref/3.png','特别好，特别好特别好，特别好，特别好，','2019-07-27 17:34:33'),(6,1,6,'/img/ref/1.png,/img/ref/2.png,/img/ref/3.png','特别好，特别好特别好，特别好，特别好，','2019-07-27 17:34:42'),(7,1,7,'/img/ref/1.png,/img/ref/2.png,/img/ref/3.png','特别好，特别好特别好，特别好，特别好，','2019-07-27 17:34:43'),(8,1,8,'/img/ref/1.png,/img/ref/2.png,/img/ref/3.png','特别好，特别好特别好，特别好，特别好，','2019-07-27 17:34:46'),(9,1,9,'/img/ref/1.png,/img/ref/2.png,/img/ref/3.png','特别好，特别好特别好，特别好，特别好，','2019-07-27 17:34:47'),(10,1,10,'/img/ref/1.png,/img/ref/2.png,/img/ref/3.png','特别好，特别好特别好，特别好，特别好，','2019-07-27 17:34:54');
/*!40000 ALTER TABLE `beayty_appraise` ENABLE KEYS */;
UNLOCK TABLES;

--
-- Table structure for table `beayty_order`
--

DROP TABLE IF EXISTS `beayty_order`;
/*!40101 SET @saved_cs_client     = @@character_set_client */;
/*!40101 SET character_set_client = utf8 */;
CREATE TABLE `beayty_order` (
  `uid` int(11) NOT NULL AUTO_INCREMENT,
  `pid` int(11) NOT NULL,
  `userid` int(11) DEFAULT NULL,
  `count` int(11) NOT NULL,
  `amount` decimal(10,0) NOT NULL,
  `createtime` datetime NOT NULL,
  `status` int(11) NOT NULL,
  `pay_type` int(11) NOT NULL,
  PRIMARY KEY (`uid`),
  KEY `pid` (`pid`),
  KEY `userid` (`userid`),
  CONSTRAINT `beayty_order_ibfk_1` FOREIGN KEY (`pid`) REFERENCES `beauty_product` (`pr_id`),
  CONSTRAINT `beayty_order_ibfk_2` FOREIGN KEY (`userid`) REFERENCES `beauty_user` (`uid`)
) ENGINE=InnoDB DEFAULT CHARSET=utf8;
/*!40101 SET character_set_client = @saved_cs_client */;

--
-- Dumping data for table `beayty_order`
--

LOCK TABLES `beayty_order` WRITE;
/*!40000 ALTER TABLE `beayty_order` DISABLE KEYS */;
/*!40000 ALTER TABLE `beayty_order` ENABLE KEYS */;
UNLOCK TABLES;
/*!40103 SET TIME_ZONE=@OLD_TIME_ZONE */;

/*!40101 SET SQL_MODE=@OLD_SQL_MODE */;
/*!40014 SET FOREIGN_KEY_CHECKS=@OLD_FOREIGN_KEY_CHECKS */;
/*!40014 SET UNIQUE_CHECKS=@OLD_UNIQUE_CHECKS */;
/*!40101 SET CHARACTER_SET_CLIENT=@OLD_CHARACTER_SET_CLIENT */;
/*!40101 SET CHARACTER_SET_RESULTS=@OLD_CHARACTER_SET_RESULTS */;
/*!40101 SET COLLATION_CONNECTION=@OLD_COLLATION_CONNECTION */;
/*!40111 SET SQL_NOTES=@OLD_SQL_NOTES */;

-- Dump completed on 2019-08-12 22:39:12
